match_datetime,country,league,home_team,away_team,predicted_home_score,predicted_away_score,run_time,predicted_total_score,predicted_score_difference,selection
2022-11-24 06:30:00,China,Jia League,Shanghai Jiading Huilong,Shaanxi Changan,0.85742384,1.6658056,2022-11-24 17:37:40.065029,2.5232294,0.80838174,N
2022-11-24 06:30:00,China,Jia League,Guangxi Pingguo Haliao,Xinjiang Tianshan,2.7203557,0.5825092,2022-11-24 17:37:40.065029,3.302865,2.1378465,DNB
2022-11-24 06:30:00,China,Jia League,Qingdao Hainiu,Qingdao Youth Island,2.4001799,0.611775,2022-11-24 17:37:40.065029,3.0119548,1.788405,DNB
2022-11-24 08:30:00,India,I-League,Sreenidi Deccan,TRAU FC,1.5351827,0.81665677,2022-11-24 17:37:40.065029,2.3518395,0.71852595,N
2022-11-24 10:00:00,Ukraine,Persha Liga,Hirnyk-Sport,FC Chernihiv,1.1391947,1.1257597,2022-11-24 17:37:40.065029,2.2649546,0.013435006,N
2022-11-24 10:00:00,World,World Cup,Switzerland,Cameroon,1.4668622,0.6989076,2022-11-24 17:37:40.065029,2.1657698,0.7679546,N
2022-11-24 10:30:00,World,Club Friendly,Koge,F. Amager,2.4835885,1.3451961,2022-11-24 17:37:40.065029,3.8287845,1.1383923,N
2022-11-24 11:00:00,India,I-League,Kenkre,Churchill Brothers,1.0202823,1.6909858,2022-11-24 17:37:40.065029,2.711268,0.67070353,N
2022-11-24 11:30:00,Iraq,Super League,Al Wasat,Al Diwaniya,1.4366325,0.6783392,2022-11-24 17:37:40.065029,2.1149716,0.75829333,N
2022-11-24 12:00:00,World,Club Friendly,Wisla Pulawy,R. Rzeszow,1.4476382,2.181837,2022-11-24 17:37:40.065029,3.629475,0.7341989,N
2022-11-24 12:30:00,Egypt,Division 2 - Group A,Misr Lel Makkasa,Shoban Moslemen Qena,1.4768884,0.9410038,2022-11-24 17:37:40.065029,2.4178922,0.5358846,N
2022-11-24 12:30:00,Egypt,Division 2 - Group A,El Madina El Monowara,Fayoum,0.99478084,1.4251324,2022-11-24 17:37:40.065029,2.4199133,0.43035156,N
2022-11-24 12:30:00,Egypt,Division 2 - Group A,Kima Aswan,Asyut Petroleum,1.1071287,1.2473384,2022-11-24 17:37:40.065029,2.3544672,0.14020967,N
2022-11-24 12:30:00,Egypt,Division 2 - Group A,Al Aluminium,Tamya,1.0204848,1.4035683,2022-11-24 17:37:40.065029,2.4240532,0.38308346,N
2022-11-24 12:30:00,Egypt,Division 2 - Group A,La Viena,El Gouna,1.0191232,1.3984706,2022-11-24 17:37:40.065029,2.417594,0.37934744,N
2022-11-24 12:30:00,World,Club Friendly,Lion City,Dortmund,0.3630259,3.9913986,2022-11-24 17:37:40.065029,4.3544245,3.6283727,N
2022-11-24 12:40:00,Oman,Professional League,Sohar,Al-Msnaa,1.4391302,0.970999,2022-11-24 17:37:40.065029,2.410129,0.46813118,N
2022-11-24 13:00:00,Ethiopia,Premier League,Wolkite Ketema,Hadiya Hossana,0.8945344,0.8675224,2022-11-24 17:37:40.065029,1.7620568,0.02701199,N
2022-11-24 13:00:00,World,Club Friendly,Kapfenberg,Mauerwerk,2.5600448,1.0750868,2022-11-24 17:37:40.065029,3.6351316,1.4849579,N
2022-11-24 13:00:00,World,World Cup,Uruguay,South Korea,1.600549,0.77933496,2022-11-24 17:37:40.065029,2.379884,0.821214,N
2022-11-24 13:05:00,Oman,Professional League,Al-Ittihad,Al Seeb,0.76109606,1.7483585,2022-11-24 17:37:40.065029,2.5094545,0.9872624,N
2022-11-24 14:00:00,India,ISL,Odisha,Chennaiyin,1.7775211,1.1942585,2022-11-24 17:37:40.065029,2.9717796,0.5832627,N
2022-11-24 14:30:00,Angola,Girabola,Primeiro de Agosto,Sporting de Benguela,4.298942,0.39922315,2022-11-24 17:37:40.065029,4.6981654,3.899719,W & O 1.5
2022-11-24 14:30:00,Angola,Girabola,Sagrada,C.R.D. Libolo,1.5792266,0.82711554,2022-11-24 17:37:40.065029,2.406342,0.7521111,N
2022-11-24 14:45:00,Oman,Professional League,Oman Club,Al Suwaiq,0.8247848,1.2642721,2022-11-24 17:37:40.065029,2.089057,0.43948728,N
2022-11-24 15:30:00,Ivory Coast,Ligue 1,SO Armee,Stella Adjame,1.1137556,0.9731103,2022-11-24 17:37:40.065029,2.086866,0.14064527,N
2022-11-24 16:00:00,Ethiopia,Premier League,Welayta Dicha,Arba Menche,1.0705975,1.1604908,2022-11-24 17:37:40.065029,2.2310882,0.08989322,N
2022-11-24 16:00:00,Iraq,Super League,Al Quwa Al Jawiya,Al-Hudod,1.4073149,0.7807512,2022-11-24 17:37:40.065029,2.188066,0.62656367,N
2022-11-24 16:00:00,Iraq,Super League,Al Najaf,Newroz,1.0022715,1.044557,2022-11-24 17:37:40.065029,2.0468285,0.042285442,N
2022-11-24 16:00:00,Liberia,LFA First Division,Invincible Eleven,Nimba Kwado,0.9233954,1.5692482,2022-11-24 17:37:40.065029,2.4926436,0.6458528,N
2022-11-24 16:00:00,Rwanda,Premier League,Rayon Sport,AS Kigali,0.94688493,0.97170395,2022-11-24 17:37:40.065029,1.9185889,0.024819016,U 4.5
2022-11-24 16:00:00,World,World Cup,Portugal,Ghana,2.1788921,0.5518877,2022-11-24 17:37:40.065029,2.73078,1.6270044,N
2022-11-24 17:00:00,Mauritania,Ligue 1,Gendrim,Inter Nouakchott,0.90841115,1.1979651,2022-11-24 17:37:40.065029,2.1063762,0.289554,N
2022-11-24 17:00:00,World,Club Friendly,SAK Klagenfurt,ASK Klagenfurt,1.8746327,1.2555889,2022-11-24 17:37:40.065029,3.1302216,0.6190438,N
2022-11-24 17:30:00,Slovakia,Fortuna liga,Slovan Bratislava,Z. Moravce-Vrable,2.3338237,0.57404363,2022-11-24 17:37:40.065029,2.9078674,1.75978,N
2022-11-24 17:30:00,Slovakia,Fortuna liga,Dun. Streda,Ruzomberok,1.5516337,0.9510448,2022-11-24 17:37:40.065029,2.5026784,0.6005889,N
2022-11-24 17:30:00,Slovakia,Fortuna liga,Trnava,Michalovce,2.0181358,0.7803309,2022-11-24 17:37:40.065029,2.7984667,1.2378049,N
2022-11-24 17:45:00,Europe,Champions League Women,Zurich W,Lyon W,0.0446679,7.185366,2022-11-24 17:37:40.065029,7.230034,7.1406984,W & O 1.5
2022-11-24 17:45:00,Europe,Champions League Women,Barcelona W,Bayern Munich W,2.6122823,0.6969956,2022-11-24 17:37:40.065029,3.309278,1.9152867,N
2022-11-24 18:00:00,Ivory Coast,Ligue 1,ASEC Mimosas,Racing d'Abidjan,1.7759027,0.8063788,2022-11-24 17:37:40.065029,2.5822816,0.96952397,N
2022-11-24 19:00:00,England,Women’s Super League,Reading W,Liverpool W,1.2160208,1.357415,2022-11-24 17:37:40.065029,2.5734358,0.14139414,N
2022-11-24 19:00:00,World,World Cup,Brazil,Serbia,2.2840774,0.63210595,2022-11-24 17:37:40.065029,2.9161835,1.6519715,N
2022-11-24 19:30:00,Andorra,Primera Divisió,UE Engordany,Inter Escaldes,0.66006273,2.0215862,2022-11-24 17:37:40.065029,2.681649,1.3615234,N
2022-11-24 19:40:00,Mauritania,Ligue 1,Chemal,Kaedi,1.3499259,1.0866859,2022-11-24 17:37:40.065029,2.4366117,0.26323998,N
2022-11-24 20:00:00,Europe,Champions League Women,Juventus W,Arsenal W,1.0793949,1.5223829,2022-11-24 17:37:40.065029,2.6017778,0.44298792,N
2022-11-24 20:00:00,Europe,Champions League Women,SL Benfica W,Rosengard W,1.8270718,1.3817524,2022-11-24 17:37:40.065029,3.2088242,0.4453194,N
2022-11-24 20:45:00,Portugal,League Cup,Tondela,Torreense,1.4876888,0.92077094,2022-11-24 17:37:40.065029,2.4084597,0.56691784,N
2022-11-24 21:00:00,Honduras,Liga Nacional,Marathon,Olancho,2.1814077,0.9957555,2022-11-24 17:37:40.065029,3.1771631,1.1856523,N
2022-11-25 00:00:00,Costa Rica,Copa Costa Rica,Cartagines,Municipal Turrialba,2.6577876,0.5768927,2022-11-24 17:37:40.065029,3.2346802,2.080895,W
2022-11-25 01:00:00,Nicaragua,Liga Primera,Diriangen,Esteli,1.5478585,1.033388,2022-11-24 17:37:40.065029,2.5812464,0.51447046,N
2022-11-25 02:00:00,Costa Rica,Copa Costa Rica,San Carlos,AD Santos,1.4042057,1.4397874,2022-11-24 17:37:40.065029,2.8439932,0.035581708,N
2022-11-25 06:00:00,New Zealand,National League,Christchurch,Cashmere Technical,1.3987101,1.8725873,2022-11-24 17:37:40.065029,3.2712975,0.4738772,N
2022-11-25 06:30:00,China,Jia League,Shijiazhuang Gongfu,Heilongjiang Ice City,1.847687,0.9117953,2022-11-24 17:37:40.065029,2.7594824,0.9358917,N
2022-11-25 06:30:00,China,Jia League,Shenyang Urban FC,Beijing Technology,2.6519382,0.664299,2022-11-24 17:37:40.065029,3.3162372,1.9876392,DNB
2022-11-25 06:30:00,China,Jia League,Sichuan Jiuniu,Jiangxi Beidamen,1.8936375,0.96648514,2022-11-24 17:37:40.065029,2.8601227,0.9271524,N
2022-11-25 06:30:00,China,Jia League,Nanjing City,Nantong Zhiyun,0.9019894,2.281215,2022-11-24 17:37:40.065029,3.1832044,1.3792255,N
2022-11-25 09:30:00,Czech Republic,Tipsport liga,Vlasim,Teplice,1.1855409,1.7512465,2022-11-24 17:37:40.065029,2.9367874,0.56570554,N
2022-11-25 09:30:00,Czech Republic,Tipsport liga,Brno,Trnava,2.1875067,1.1107538,2022-11-24 17:37:40.065029,3.2982605,1.0767529,N
2022-11-25 09:30:00,Czech Republic,Tipsport liga,Hradec Kralove,Mlada Boleslav,1.288474,1.9270453,2022-11-24 17:37:40.065029,3.2155194,0.6385714,N
2022-11-25 10:00:00,Czech Republic,Tipsport liga,Trencin,Zlin,1.556048,1.7660817,2022-11-24 17:37:40.065029,3.3221297,0.21003366,N
2022-11-25 10:00:00,World,World Cup,Wales,Iran,0.9125701,0.53616107,2022-11-24 17:37:40.065029,1.4487312,0.37640905,U 4.5
2022-11-25 11:00:00,China,Super League,Chengdu Rongcheng,Guangzhou City,1.8910451,0.842202,2022-11-24 17:37:40.065029,2.733247,1.0488431,N
2022-11-25 11:00:00,Thailand,Thai League 1,Buriram,Ratchaburi,2.2025187,0.8591081,2022-11-24 17:37:40.065029,3.061627,1.3434106,N
2022-11-25 11:00:00,Thailand,Thai League 2,Rayong FC,Suphanburi,1.340428,1.5163199,2022-11-24 17:37:40.065029,2.8567479,0.17589188,N
2022-11-25 11:00:00,Ukraine,Premier League,Ch. Odessa,Metalist Kharkiv,1.3544743,0.9709161,2022-11-24 17:37:40.065029,2.3253903,0.3835582,N
2022-11-25 11:30:00,China,Super League,Shanghai Shenhua,Beijing Guoan,1.1904027,1.5250049,2022-11-24 17:37:40.065029,2.7154076,0.33460212,N
2022-11-25 11:30:00,Iraq,Super League,Erbil,Al Shorta,0.93764955,1.640035,2022-11-24 17:37:40.065029,2.5776846,0.7023855,N
2022-11-25 11:30:00,Iraq,Super League,Al Kahraba,Al Karkh,0.8611642,0.8489839,2022-11-24 17:37:40.065029,1.7101481,0.012180328,U 4.5
2022-11-25 11:30:00,Iraq,Super League,Al-Qassim,Zakho,1.0589681,1.4088842,2022-11-24 17:37:40.065029,2.467852,0.3499161,N
2022-11-25 12:00:00,Romania,Liga 3 - Seria 10,Baile Felix,Minerul Ocna Dej,1.7797525,1.086607,2022-11-24 17:37:40.065029,2.8663595,0.6931455,N
2022-11-25 12:00:00,Romania,Liga 3 - Seria 4,FC Pucioasa,Popesti Leordeni,1.1204965,1.615629,2022-11-24 17:37:40.065029,2.7361255,0.49513245,N
2022-11-25 12:00:00,Romania,Liga 3 - Seria 4,Bradu,Campulung,1.6460376,1.1939195,2022-11-24 17:37:40.065029,2.8399572,0.45211804,N
2022-11-25 12:00:00,Romania,Liga 3 - Seria 4,FCSB 2,CS Din. Bucuresti,1.7048017,1.3915501,2022-11-24 17:37:40.065029,3.0963516,0.3132516,N
2022-11-25 12:00:00,Romania,Liga 3 - Seria 6,CSM Alexandria,Vedita Colonesti,2.1175168,0.74884796,2022-11-24 17:37:40.065029,2.8663647,1.3686688,DNB
2022-11-25 12:00:00,Romania,Liga 3 - Seria 6,Minerul Costesti,Horezu,0.96751326,1.6730715,2022-11-24 17:37:40.065029,2.6405847,0.70555824,N
2022-11-25 12:00:00,Romania,Liga 3 - Seria 7,Gilortul Tg. Carbunesti,CSO Filiasi,1.2783895,1.8283337,2022-11-24 17:37:40.065029,3.1067233,0.5499443,N
2022-11-25 12:00:00,Romania,Liga 3 - Seria 8,Phoenix Buzias,Ghiroda & Giarmata Vii,1.0341225,1.516292,2022-11-24 17:37:40.065029,2.5504146,0.4821695,N
2022-11-25 12:00:00,Romania,Liga 3 - Seria 9,ACS Targu Mures 1898,Unirea Ungheni,1.1960707,1.8350083,2022-11-24 17:37:40.065029,3.0310788,0.6389376,N
2022-11-25 12:00:00,Thailand,Thai League 1,Chonburi,Port MTI FC,1.5319772,1.2879949,2022-11-24 17:37:40.065029,2.819972,0.24398232,N
2022-11-25 12:15:00,Lebanon,Premier League,Tripoli,Al Akhaa Al Ahli,1.2579657,1.0274981,2022-11-24 17:37:40.065029,2.2854638,0.23046756,N
2022-11-25 12:30:00,Egypt,Division 2 - Group A,Dayrout,Mallawi,1.2304415,1.0337119,2022-11-24 17:37:40.065029,2.2641535,0.19672954,N
2022-11-25 12:30:00,Egypt,Division 2 - Group B,Tersana,Kahrabaa Ismailia,1.7970996,0.8830364,2022-11-24 17:37:40.065029,2.680136,0.9140632,N
2022-11-25 12:30:00,Egypt,Division 2 - Group B,El Alameen,Telecom Egypt,0.90739346,1.4868366,2022-11-24 17:37:40.065029,2.39423,0.5794431,N
2022-11-25 12:30:00,Egypt,Division 2 - Group B,Al Nasr,Suez SC,1.067128,1.5006661,2022-11-24 17:37:40.065029,2.567794,0.4335382,N
2022-11-25 12:30:00,Egypt,Division 2 - Group B,Al-Sekka,Wadi Degla,1.5391847,1.4931859,2022-11-24 17:37:40.065029,3.0323706,0.04599881,N
2022-11-25 12:30:00,Egypt,Division 2 - Group B,El-Entag El-Harby,Shabab Al Obour,1.1265225,0.9150697,2022-11-24 17:37:40.065029,2.0415921,0.21145284,N
2022-11-25 12:30:00,Egypt,Division 2 - Group B,Al Qanah,Eastern Company,1.4326179,0.9159069,2022-11-24 17:37:40.065029,2.3485248,0.516711,N
2022-11-25 12:30:00,Egypt,Division 2 - Group B,ZED,Petrojet,1.2253349,0.9732159,2022-11-24 17:37:40.065029,2.1985507,0.252119,N
2022-11-25 12:30:00,Oman,Professional League,Sur Club,Al-Rustaq,1.0785899,1.0115492,2022-11-24 17:37:40.065029,2.0901392,0.06704068,N
2022-11-25 12:45:00,Oman,Professional League,Al Nahda,Al-Bashaeer,2.0564466,0.6788574,2022-11-24 17:37:40.065029,2.7353039,1.3775892,N
2022-11-25 12:45:00,United Arab Emirates,Division 1,Dubai City,Al Arabi,0.80071104,2.4996154,2022-11-24 17:37:40.065029,3.3003263,1.6989044,N
2022-11-25 12:45:00,United Arab Emirates,Division 1,Fursan Hispania,Al Rams,1.0692643,1.7065059,2022-11-24 17:37:40.065029,2.7757702,0.6372416,N
2022-11-25 12:45:00,United Arab Emirates,League Cup,Al Bataeh,Al Nasr,1.1930052,1.4897501,2022-11-24 17:37:40.065029,2.6827555,0.29674494,N
2022-11-25 12:45:00,United Arab Emirates,League Cup,Al Jazira,Dibba Al Fujairah,2.7059908,0.5605874,2022-11-24 17:37:40.065029,3.2665782,2.1454034,W
2022-11-25 13:00:00,Algeria,Algeria Cup,MSP Batna,El Bayadh,0.7734443,1.9980801,2022-11-24 17:37:40.065029,2.7715244,1.2246358,W & O 1.5
2022-11-25 13:00:00,Ethiopia,Premier League,Fasil Kenema,Legetafo Legedadi,2.3671916,0.9282889,2022-11-24 17:37:40.065029,3.2954805,1.4389026,O 1.5
2022-11-25 13:00:00,Tanzania,Ligi Kuu Bara,Geita Gold,Ihefu,1.9147617,0.57296485,2022-11-24 17:37:40.065029,2.4877264,1.3417969,N
2022-11-25 13:00:00,World,World Cup,Qatar,Senegal,0.5778894,1.3062013,2022-11-24 17:37:40.065029,1.8840907,0.72831196,N
2022-11-25 13:15:00,Greece,Super League 2,Iraklis 1908,Panathinaikos B,1.6290622,0.53826094,2022-11-24 17:37:40.065029,2.167323,1.0908012,N
2022-11-25 14:00:00,England,Professional Development League,Sheffield Utd U21,Crewe U21,2.8920147,0.838552,2022-11-24 17:37:40.065029,3.7305667,2.0534627,W
2022-11-25 14:00:00,India,ISL,North East Utd,Mumbai City,0.93893677,2.4113479,2022-11-24 17:37:40.065029,3.3502846,1.4724112,N
2022-11-25 15:00:00,Bahrain,Premier League,Al Riffa,Sitra,2.1210458,0.5979299,2022-11-24 17:37:40.065029,2.7189758,1.5231159,W
2022-11-25 15:00:00,Bahrain,Premier League,Al-Muharraq,Al-Shabbab,1.1555073,0.9068705,2022-11-24 17:37:40.065029,2.062378,0.24863684,U 4.5
2022-11-25 15:00:00,Oman,Professional League,Dhofar,Al Nasr,1.6060476,0.8166754,2022-11-24 17:37:40.065029,2.422723,0.7893722,N
2022-11-25 15:00:00,Slovenia,2. SNL,Aluminij,Rogaska,1.6377617,0.93788373,2022-11-24 17:37:40.065029,2.5756454,0.699878,N
2022-11-25 15:30:00,Burkina Faso,Premier League,USFA,AS Douanes,0.40105453,1.2116128,2022-11-24 17:37:40.065029,1.6126673,0.8105583,DNB
2022-11-25 15:30:00,United Arab Emirates,League Cup,Al Wasl,Khorfakkan,2.276735,0.796278,2022-11-24 17:37:40.065029,3.073013,1.4804571,W
2022-11-25 16:00:00,Ethiopia,Premier League,Bahir Dar Kenema,Adama City,0.9449497,1.5689211,2022-11-24 17:37:40.065029,2.5138707,0.6239714,N
2022-11-25 16:00:00,Iraq,Super League,Karbala,Al Sinaah,1.10845,0.8313184,2022-11-24 17:37:40.065029,1.9397684,0.27713168,N
2022-11-25 16:00:00,Iraq,Super League,Al Zawraa,Al Naft,1.335853,0.88792384,2022-11-24 17:37:40.065029,2.2237768,0.44792914,N
2022-11-25 16:00:00,Mali,Premiere Division,Real Bamako,Bakaridjan,1.0695858,1.0814996,2022-11-24 17:37:40.065029,2.1510854,0.011913776,N
2022-11-25 16:00:00,Morocco,Botola 2,RAC Casablanca,Sale,0.90043736,1.1040214,2022-11-24 17:37:40.065029,2.004459,0.20358407,N
2022-11-25 16:00:00,Morocco,Botola 2,Ittifaq Marrakech,Youssoufia Berrechid,0.96349406,1.153101,2022-11-24 17:37:40.065029,2.116595,0.1896069,N
2022-11-25 16:00:00,Russia,FNL,Arsenal Tula,Baltika,1.3075254,1.1688082,2022-11-24 17:37:40.065029,2.4763336,0.13871717,N
2022-11-25 16:00:00,World,Friendly International,Bulgaria U21,Bosnia & Herzegovina U21,1.2855442,1.1067474,2022-11-24 17:37:40.065029,2.3922915,0.17879677,N
2022-11-25 16:00:00,World,World Cup,Netherlands,Ecuador,1.7342451,0.7425859,2022-11-24 17:37:40.065029,2.476831,0.99165916,N
2022-11-25 17:00:00,Cyprus,First Division,Chloraka,Paralimni,1.2045419,1.2446796,2022-11-24 17:37:40.065029,2.4492216,0.04013765,N
2022-11-25 17:00:00,Mauritania,Ligue 1,Nouadhibou,Garde Nationale,1.8455281,0.8757307,2022-11-24 17:37:40.065029,2.7212589,0.96979743,N
2022-11-25 17:00:00,Slovenia,2. SNL,Nafta,Krsko,2.8169007,0.7305501,2022-11-24 17:37:40.065029,3.5474508,2.0863507,N
2022-11-25 17:00:00,Turkey,1. Lig,Denizlispor,Bodrumspor,1.066184,1.5393633,2022-11-24 17:37:40.065029,2.6055474,0.47317922,N
2022-11-25 17:30:00,France,National 2 - Group D,Lorient II,Angouleme CFC,1.1312188,1.1009372,2022-11-24 17:37:40.065029,2.232156,0.030281544,N
2022-11-25 17:30:00,Germany,Regionalliga Bayern,Heimstetten,Unterhaching,1.0526524,2.0293374,2022-11-24 17:37:40.065029,3.0819898,0.97668505,N
2022-11-25 17:45:00,Burkina Faso,Premier League,AS Police,ASF Dioulasso,0.739153,1.1044213,2022-11-24 17:37:40.065029,1.8435743,0.36526823,N
2022-11-25 18:00:00,France,National 2 - Group D,Romorantin,Les Herbiers,1.0432339,1.4126126,2022-11-24 17:37:40.065029,2.4558463,0.3693787,N
2022-11-25 18:00:00,Germany,Oberliga Bayern Nord,Kornburg,Ammerthal,1.3692191,1.9268618,2022-11-24 17:37:40.065029,3.2960808,0.5576427,N
2022-11-25 18:00:00,Germany,Oberliga Bayern Nord,Eltersdorf,Weiden,3.0003,1.0905324,2022-11-24 17:37:40.065029,4.090832,1.9097675,O 1.5
2022-11-25 18:00:00,Germany,Oberliga Rheinland-Pfalz/Saar,Hertha Wiesbach,Morlautern,1.9560697,1.427086,2022-11-24 17:37:40.065029,3.3831558,0.5289837,N
2022-11-25 18:00:00,Germany,Oberliga Rheinland-Pfalz/Saar,Arminia Ludwigshafen,Mechtersheim,1.5627147,1.735829,2022-11-24 17:37:40.065029,3.2985437,0.1731143,N
2022-11-25 18:00:00,Germany,Oberliga Rheinland-Pfalz/Saar,Elversberg II,Jagersburg,1.6501641,1.9862388,2022-11-24 17:37:40.065029,3.636403,0.3360747,N
2022-11-25 18:00:00,Germany,Regionalliga Bayern,Bayern II,Vilzing,2.0769057,1.119895,2022-11-24 17:37:40.065029,3.1968007,0.95701075,N
2022-11-25 18:00:00,Germany,Regionalliga Nordost,Lichtenberg,Viktoria Berlin,1.3796681,1.3356943,2022-11-24 17:37:40.065029,2.7153625,0.043973804,N
2022-11-25 18:00:00,Germany,Regionalliga Nordost,Luckenwalde,TB Berlin,2.7229795,0.8455176,2022-11-24 17:37:40.065029,3.5684972,1.8774619,N
2022-11-25 18:00:00,Germany,Regionalliga Nordost,Altglienicke,Greifswald,2.3269491,0.96559083,2022-11-24 17:37:40.065029,3.29254,1.3613583,N
2022-11-25 18:00:00,Mali,Premiere Division,CO Bamako,Korofina,0.9553098,1.0823084,2022-11-24 17:37:40.065029,2.0376182,0.1269986,N
2022-11-25 18:00:00,Romania,Liga 2,FC Buzau,Concordia,1.6229794,0.9408593,2022-11-24 17:37:40.065029,2.5638387,0.6821201,N
2022-11-25 18:15:00,Germany,Oberliga Niederrhein,Kray,SSVg Velbert,0.91754675,3.571632,2022-11-24 17:37:40.065029,4.4891787,2.6540852,DNB
2022-11-25 18:30:00,France,National,Sedan,Bastia-Borgo,1.5727642,0.8610551,2022-11-24 17:37:40.065029,2.4338193,0.7117091,N
2022-11-25 18:30:00,France,National,Martigues,Orleans,1.4919132,1.0151938,2022-11-24 17:37:40.065029,2.507107,0.47671938,N
2022-11-25 18:30:00,France,National,Le Puy-en-Velay,Bourg en Bresse,1.0781112,1.3645554,2022-11-24 17:37:40.065029,2.4426665,0.2864442,N
2022-11-25 18:30:00,France,National,Paris 13 Atl.,Concarneau,1.1500019,1.4271201,2022-11-24 17:37:40.065029,2.577122,0.2771182,N
2022-11-25 18:30:00,France,National,Red Star,Nancy,1.4561876,1.0125446,2022-11-24 17:37:40.065029,2.4687324,0.44364297,N
2022-11-25 18:30:00,France,National,Stade Briochin,Cholet,1.4501748,1.1108103,2022-11-24 17:37:40.065029,2.560985,0.33936453,N
2022-11-25 18:30:00,France,National,Avranches,Dunkerque,1.2386024,1.3610135,2022-11-24 17:37:40.065029,2.599616,0.12241113,N
2022-11-25 18:30:00,France,National,Villefranche,Versailles,1.2880912,1.1404914,2022-11-24 17:37:40.065029,2.4285827,0.14759982,N
2022-11-25 18:30:00,France,National 2 - Group B,Colmar,Boulogne,1.3228389,1.1331096,2022-11-24 17:37:40.065029,2.4559484,0.18972933,N
2022-11-25 18:30:00,Germany,Oberliga Bremen,Oberneuland,Surheide,4.051201,0.7018144,2022-11-24 17:37:40.065029,4.7530155,3.3493865,O 1.5
2022-11-25 18:30:00,Germany,Oberliga Hamburg,Hamm United,Curslack-Neuengamme,3.0192022,1.3874849,2022-11-24 17:37:40.065029,4.4066873,1.6317173,N
2022-11-25 18:30:00,Germany,Oberliga Hamburg,TuS Osdorf,Altona,0.9791646,2.4558835,2022-11-24 17:37:40.065029,3.435048,1.4767189,N
2022-11-25 18:30:00,Germany,Oberliga NOFV-Nord,MSV Neuruppin,Furstenwalde,1.631947,1.2052746,2022-11-24 17:37:40.065029,2.8372216,0.42667246,N
2022-11-25 18:30:00,Germany,Oberliga NOFV-Nord,Dynamo Schwerin,Schwerin,1.9207482,1.2355496,2022-11-24 17:37:40.065029,3.1562977,0.68519866,N
2022-11-25 18:30:00,Germany,Oberliga Westfalen,Siegen,Erndtebruck,2.0941613,1.2741879,2022-11-24 17:37:40.065029,3.368349,0.81997335,N
2022-11-25 18:30:00,Germany,Regionalliga North,Lubeck,Hamburger SV II,2.1053703,1.0501739,2022-11-24 17:37:40.065029,3.1555443,1.0551964,N
2022-11-25 18:30:00,Netherlands,Eredivisie Women,Den Haag W,Heerenveen W,2.3748438,0.8534881,2022-11-24 17:37:40.065029,3.228332,1.5213557,N
2022-11-25 18:30:00,Netherlands,Eredivisie Women,PEC Zwolle W,Telstar W,1.7070919,1.3087633,2022-11-24 17:37:40.065029,3.0158553,0.39832866,N
2022-11-25 18:30:00,Netherlands,Eredivisie Women,Sittard W,VV Alkmaar W,3.0581598,0.51369816,2022-11-24 17:37:40.065029,3.571858,2.5444617,DNB
2022-11-25 18:30:00,Switzerland,Challenge League,Yverdon,Xamax,1.7860726,1.401616,2022-11-24 17:37:40.065029,3.1876886,0.38445663,N
2022-11-25 19:00:00,Belgium,Challenger Pro League,Club Brugge KV U23,Dender,1.8312033,1.4589489,2022-11-24 17:37:40.065029,3.290152,0.3722545,N
2022-11-25 19:00:00,Belgium,Challenger Pro League,Genk U23,RWDM 47,1.2395123,1.8305739,2022-11-24 17:37:40.065029,3.0700862,0.5910616,N
2022-11-25 19:00:00,Belgium,Super League Women,RSC Anderlecht W,Club Brugge W,3.179564,0.70288706,2022-11-24 17:37:40.065029,3.882451,2.476677,DNB
2022-11-25 19:00:00,Belgium,Super League Women,Charleroi W,Aalst W,1.5651232,1.0392811,2022-11-24 17:37:40.065029,2.6044044,0.5258421,N
2022-11-25 19:00:00,France,National 2 - Group A,Chambly,Rouen,1.3055651,1.1028641,2022-11-24 17:37:40.065029,2.4084291,0.20270097,N
2022-11-25 19:00:00,France,National 2 - Group A,Vannes,Blois,1.5579515,1.2144518,2022-11-24 17:37:40.065029,2.7724032,0.34349966,N
2022-11-25 19:00:00,France,National 2 - Group B,Furiani Agliani,Reims II,1.4845531,1.0071573,2022-11-24 17:37:40.065029,2.4917104,0.47739577,N
2022-11-25 19:00:00,Germany,Oberliga Hamburg,Hamburger SV III,SC Victoria Hamburg,1.4724628,1.8587016,2022-11-24 17:37:40.065029,3.3311644,0.3862388,N
2022-11-25 19:00:00,Germany,Oberliga Mittelrhein,Wegberg-Beeck,Bonner,1.8767102,1.4326081,2022-11-24 17:37:40.065029,3.3093183,0.44410205,N
2022-11-25 19:00:00,Portugal,Liga 3,Anadia,Felgueiras,1.1817251,1.2761499,2022-11-24 17:37:40.065029,2.457875,0.094424725,N
2022-11-25 19:00:00,Switzerland,Promotion League,Stade Nyonnais,Biel,2.78764,1.0116605,2022-11-24 17:37:40.065029,3.7993007,1.7759796,W
2022-11-25 19:00:00,World,World Cup,England,USA,2.0737836,0.828144,2022-11-24 17:37:40.065029,2.9019277,1.2456396,N
2022-11-25 19:15:00,Switzerland,Challenge League,Schaffhausen,Bellinzona,1.8309957,1.277309,2022-11-24 17:37:40.065029,3.1083045,0.55368674,N
2022-11-25 19:30:00,Wales,Cymru North,Ruthin,Holywell,1.6761477,1.5123452,2022-11-24 17:37:40.065029,3.1884928,0.1638025,N
2022-11-25 19:30:00,Wales,Cymru South,Abergavenny Town,Ammanford,1.9650997,1.7722424,2022-11-24 17:37:40.065029,3.7373421,0.19285727,N
2022-11-25 19:45:00,Northern Ireland,NIFL Championship,Dundela,Newington,1.8587443,1.2232386,2022-11-24 17:37:40.065029,3.0819829,0.6355057,N
2022-11-25 19:45:00,Northern Ireland,NIFL Championship,H&W Welders,Annagh,1.1201524,2.0128822,2022-11-24 17:37:40.065029,3.1330347,0.8927299,N
2022-11-25 19:45:00,Northern Ireland,NIFL Premiership,Larne,Coleraine,2.0843618,0.9735962,2022-11-24 17:37:40.065029,3.0579581,1.1107656,N
2022-11-25 20:00:00,France,Division 1 Women,Fleury 91 W,Reims W,1.8041627,1.2911521,2022-11-24 17:37:40.065029,3.095315,0.5130106,N
2022-11-25 20:00:00,Spain,LaLiga2,Huesca,Gijon,1.3067147,1.010249,2022-11-24 17:37:40.065029,2.3169637,0.29646564,N
2022-11-25 20:15:00,San Marino,Campionato Sammarinese,Libertas,Tre Penne,0.7237391,1.9533423,2022-11-24 17:37:40.065029,2.6770813,1.2296033,N
2022-11-25 20:45:00,Portugal,League Cup,FC Porto,Mafra,3.1247447,0.3565741,2022-11-24 17:37:40.065029,3.4813187,2.7681706,W & O 1.5
2022-11-25 21:00:00,Spain,Tercera RFEF - Group 12,San Fernando,Estrella,2.4835916,0.5311319,2022-11-24 17:37:40.065029,3.0147235,1.9524596,DNB
2022-11-25 23:30:00,New Zealand,National League Women,Capital Football W,Western Springs W,0.8230319,4.419216,2022-11-24 17:37:40.065029,5.242248,3.5961843,W & O 1.5
2022-11-26 00:00:00,New Zealand,National League,Auckland United,Napier City,1.9655056,0.9572194,2022-11-24 17:37:40.065029,2.922725,1.0082862,DNB
2022-11-26 00:00:00,New Zealand,National League Women,Canterbury United W,Auckland United W,1.8239497,1.4092468,2022-11-24 17:37:40.065029,3.2331965,0.4147029,N
2022-11-26 01:00:00,Colombia,Primera B,Huila,Quindio,1.0438404,1.1493728,2022-11-24 17:37:40.065029,2.1932132,0.10553241,N
2022-11-26 02:00:00,New Zealand,National League,Auckland City,Melville,1.8871411,1.2653475,2022-11-24 17:37:40.065029,3.1524887,0.6217936,N
2022-11-26 04:00:00,Australia,A-League Women,Newcastle W,WS Wanderers W,2.2852354,1.084176,2022-11-24 17:37:40.065029,3.3694115,1.2010595,N
2022-11-26 04:00:00,Australia,A-League Women,Brisbane Roar W,Canberra W,1.9546987,1.8325262,2022-11-24 17:37:40.065029,3.7872248,0.122172475,N
2022-11-26 04:00:00,Australia,A-League Women,Sydney W,Melbourne Victory W,2.0848343,1.3450322,2022-11-24 17:37:40.065029,3.4298666,0.7398021,N
2022-11-26 08:30:00,India,I-League,Sudeva Delhi,Rajasthan United,1.1076534,0.9519254,2022-11-24 17:37:40.065029,2.059579,0.15572798,U 4.5
2022-11-26 09:00:00,Romania,Liga 2,Baia Mare,Viitorul Tg. Jiu,1.3631747,1.0425924,2022-11-24 17:37:40.065029,2.405767,0.32058227,N
2022-11-26 09:00:00,Romania,Liga 2,Metaloglobus Bucharest,Progresul Spartac,1.237455,1.1237917,2022-11-24 17:37:40.065029,2.3612466,0.113663316,N
2022-11-26 09:00:00,Romania,Liga 2,CSM Slatina,Politehnica Timisoara,1.5826802,0.92293197,2022-11-24 17:37:40.065029,2.5056121,0.65974826,N
2022-11-26 09:00:00,Romania,Liga 2,CSC Dumbravita,Unirea Constanta,1.5292089,0.9879728,2022-11-24 17:37:40.065029,2.5171816,0.5412361,N
2022-11-26 10:00:00,World,World Cup,Tunisia,Australia,1.356858,0.97996205,2022-11-24 17:37:40.065029,2.3368201,0.37689596,N
2022-11-26 10:30:00,Turkey,1. Lig,Tuzlaspor,Yeni Malatyaspor,1.4595705,1.0515286,2022-11-24 17:37:40.065029,2.511099,0.40804195,N
2022-11-26 11:00:00,Portugal,League Cup,Oliveirense,Feirense,1.225903,1.113653,2022-11-24 17:37:40.065029,2.339556,0.11225009,N
2022-11-26 11:00:00,Portugal,Liga 3,Sporting CP B,Fontinhas,1.5177008,0.95167375,2022-11-24 17:37:40.065029,2.4693747,0.56602705,N
2022-11-26 11:00:00,Spain,Liga F Women,Levante W,Sevilla FC W,1.7276393,1.1547657,2022-11-24 17:37:40.065029,2.882405,0.5728736,N
2022-11-26 11:00:00,Spain,Liga F Women,Madrid C. W,Huelva W,1.9445019,0.95893,2022-11-24 17:37:40.065029,2.903432,0.98557186,N
2022-11-26 11:00:00,Thailand,Thai League 1,Muang Thong Utd,Bangkok Utd,1.2295687,1.5609872,2022-11-24 17:37:40.065029,2.790556,0.3314185,N
2022-11-26 11:00:00,Ukraine,Premier League,Inhulets,Veres-Rivne,1.0816493,1.1953716,2022-11-24 17:37:40.065029,2.277021,0.113722324,N
2022-11-26 11:45:00,Greece,Super League 2,PAOK B,Karditsa,0.7837884,1.1821957,2022-11-24 17:37:40.065029,1.9659841,0.39840728,N
2022-11-26 11:45:00,Romania,Liga 2,Unirea Slobozia,Unirea Dej,1.5129508,1.0625254,2022-11-24 17:37:40.065029,2.5754762,0.4504254,N
2022-11-26 12:00:00,Germany,Regionalliga Nordost,Erfurt,Babelsberg,1.5866324,1.4213563,2022-11-24 17:37:40.065029,3.0079887,0.16527605,N
2022-11-26 12:00:00,Germany,Regionalliga Nordost,Berliner AK 07,Lokomotive Leipzig,1.8821387,1.2605393,2022-11-24 17:37:40.065029,3.142678,0.62159944,N
2022-11-26 12:00:00,Hungary,Merkantil Bank Liga,Gyirmot,Szeged,1.5849804,1.2345366,2022-11-24 17:37:40.065029,2.8195171,0.35044372,N
2022-11-26 12:00:00,India,ISL,Goa,Bengaluru FC,1.9067626,1.1541905,2022-11-24 17:37:40.065029,3.0609531,0.75257206,N
2022-11-26 12:00:00,Thailand,Thai League 1,Pathum United,Chiangrai Utd,1.8852066,0.8646397,2022-11-24 17:37:40.065029,2.7498462,1.0205669,N
2022-11-26 12:00:00,Ukraine,Premier League,Dyn. Kyiv,Metalist 1925,2.2324708,0.66569,2022-11-24 17:37:40.065029,2.8981607,1.5667808,N
2022-11-26 12:30:00,Belgium,Super League Women,Leuven W,St. Liege W,2.682212,0.65364444,2022-11-24 17:37:40.065029,3.3358564,2.0285678,DNB
2022-11-26 12:30:00,Germany,Regionalliga North,SC Weiche-08,Emden,2.6005938,0.7311673,2022-11-24 17:37:40.065029,3.3317611,1.8694265,DNB
2022-11-26 12:40:00,United Arab Emirates,Division 1,Al Fujairah,Al-Taawon,1.9734775,1.2010487,2022-11-24 17:37:40.065029,3.1745262,0.77242875,N
2022-11-26 12:40:00,United Arab Emirates,Division 1,Al Urooba,Al Thaid,1.6511303,1.0448369,2022-11-24 17:37:40.065029,2.6959672,0.60629344,N
2022-11-26 12:45:00,England,FA Cup,King’s Lynn,Stevenage,1.1838497,1.6343869,2022-11-24 17:37:40.065029,2.8182366,0.4505372,N
2022-11-26 12:45:00,United Arab Emirates,League Cup,Al Dhafra,Ajman,1.1846423,1.5063581,2022-11-24 17:37:40.065029,2.6910005,0.32171583,N
2022-11-26 12:45:00,United Arab Emirates,League Cup,Ittihad Kalba,Al Wahda,1.18339,1.5526191,2022-11-24 17:37:40.065029,2.7360091,0.36922908,N
2022-11-26 13:00:00,Germany,Regionalliga Bayern,Burghausen,Aschaffenburg,1.4913553,1.6335349,2022-11-24 17:37:40.065029,3.1248903,0.14217961,N
2022-11-26 13:00:00,Germany,Regionalliga Bayern,Furth II,Turkgucu Munchen,1.3983268,1.4545628,2022-11-24 17:37:40.065029,2.8528895,0.05623603,N
2022-11-26 13:00:00,Germany,Regionalliga Bayern,Aubstadt,Spvgg Ansbach 09,2.3375669,0.97345614,2022-11-24 17:37:40.065029,3.311023,1.3641107,N
2022-11-26 13:00:00,Germany,Regionalliga Bayern,Wurzburger Kickers,Eichstatt,2.8168836,0.8733701,2022-11-24 17:37:40.065029,3.6902537,1.9435134,N
2022-11-26 13:00:00,Germany,Regionalliga Bayern,Hankofen-Hailing,Pipinsried,1.8814354,1.2950139,2022-11-24 17:37:40.065029,3.1764493,0.5864215,N
2022-11-26 13:00:00,Germany,Regionalliga Bayern,Rain/Lech,Nurnberg II,1.3002676,1.4605229,2022-11-24 17:37:40.065029,2.7607903,0.16025531,N
2022-11-26 13:00:00,Germany,Regionalliga Bayern,Illertissen,Buchbach,1.7847676,1.2342091,2022-11-24 17:37:40.065029,3.0189767,0.55055857,N
2022-11-26 13:00:00,Germany,Regionalliga Bayern,Augsburg II,Schweinfurt,1.5125686,1.5970448,2022-11-24 17:37:40.065029,3.1096134,0.08447623,N
2022-11-26 13:00:00,Germany,Regionalliga North,Delmenhorst,Hildesheim,1.7397279,1.2419143,2022-11-24 17:37:40.065029,2.9816422,0.49781358,N
2022-11-26 13:00:00,Germany,Regionalliga North,St. Pauli II,Phonix Lubeck,1.2675624,1.7270436,2022-11-24 17:37:40.065029,2.994606,0.45948124,N
2022-11-26 13:00:00,Germany,Regionalliga North,Holstein Kiel II,Lohne,1.4566647,1.1485714,2022-11-24 17:37:40.065029,2.605236,0.3080933,N
2022-11-26 13:00:00,Germany,Regionalliga Sudwest,Steinbach Haiger,Fulda-Lehnerz,2.0998902,0.9525918,2022-11-24 17:37:40.065029,3.0524821,1.1472985,N
2022-11-26 13:00:00,Germany,Regionalliga Sudwest,Balingen,FSV Frankfurt,1.6684186,1.1891315,2022-11-24 17:37:40.065029,2.8575501,0.47928715,N
2022-11-26 13:00:00,Germany,Regionalliga Sudwest,FC 08 Homburg,RW Koblenz,2.157318,0.93885714,2022-11-24 17:37:40.065029,3.0961752,1.218461,N
2022-11-26 13:00:00,Germany,Regionalliga Sudwest,Offenbach,Worms,2.187264,0.9612518,2022-11-24 17:37:40.065029,3.1485157,1.2260122,N
2022-11-26 13:00:00,Germany,Regionalliga Sudwest,Walldorf,Eintracht Trier,2.0174444,1.2465029,2022-11-24 17:37:40.065029,3.2639472,0.7709415,N
2022-11-26 13:00:00,Germany,Regionalliga Sudwest,Stuttgart II,Bahlinger,1.6310374,1.2197598,2022-11-24 17:37:40.065029,2.8507972,0.41127753,N
2022-11-26 13:00:00,Germany,Regionalliga Sudwest,Ulm,Mainz II,1.8111235,1.1128166,2022-11-24 17:37:40.065029,2.9239402,0.6983069,N
2022-11-26 13:00:00,Germany,Regionalliga Sudwest,Aalen,Freiberg,1.4739954,1.2951281,2022-11-24 17:37:40.065029,2.7691236,0.17886734,N
2022-11-26 13:00:00,Germany,Regionalliga West,Lippstadt,Fortuna Koln,1.365544,1.552959,2022-11-24 17:37:40.065029,2.9185028,0.187415,N
2022-11-26 13:00:00,Germany,Regionalliga West,SG Wattenscheid,Preussen Munster,1.0036422,1.7892766,2022-11-24 17:37:40.065029,2.7929187,0.7856344,N
2022-11-26 13:00:00,Germany,Regionalliga West,Wiedenbruck,Dusseldorf II,1.7190828,1.167674,2022-11-24 17:37:40.065029,2.886757,0.5514089,N
2022-11-26 13:00:00,Germany,Regionalliga West,Bocholt,Duren,1.8553538,1.3911092,2022-11-24 17:37:40.065029,3.246463,0.4642446,N
2022-11-26 13:00:00,Germany,Regionalliga West,Alemannia Aachen,Oberhausen,1.4819034,1.4287856,2022-11-24 17:37:40.065029,2.9106889,0.05311787,N
2022-11-26 13:00:00,Germany,Regionalliga West,B. Monchengladbach II,Kaan-Marienborn,2.0809827,1.2277524,2022-11-24 17:37:40.065029,3.3087351,0.85323024,N
2022-11-26 13:00:00,Germany,Regionalliga West,Straelen,Schalke II,1.0511615,1.5749583,2022-11-24 17:37:40.065029,2.6261199,0.5237968,N
2022-11-26 13:00:00,Germany,Regionalliga West,Koln II,Rodinghausen,1.5799164,1.3089318,2022-11-24 17:37:40.065029,2.8888483,0.27098453,N
2022-11-26 13:00:00,Germany,Regionalliga West,Ahlen,Wuppertaler,1.2077197,1.8152211,2022-11-24 17:37:40.065029,3.0229406,0.6075014,N
2022-11-26 13:00:00,Greece,Super League 2,Apollon Larissa,AEL Larissa,0.59240943,2.111458,2022-11-24 17:37:40.065029,2.7038674,1.5190487,N
2022-11-26 13:00:00,Greece,Super League 2,Olympiacos Piraeus B,Ilioupoli,1.5151231,0.66784686,2022-11-24 17:37:40.065029,2.18297,0.8472763,N
2022-11-26 13:00:00,Greece,Super League 2,AEK Athens FC B,Rouf FC,2.357772,0.54085964,2022-11-24 17:37:40.065029,2.8986318,1.8169124,DNB
2022-11-26 13:00:00,Portugal,Liga 3,AD Fafe,Sanjoanense,1.1419324,1.2490975,2022-11-24 17:37:40.065029,2.3910298,0.1071651,N
2022-11-26 13:00:00,Russia,Russian Cup,Sochi,CSKA Moscow,1.3309687,1.4765333,2022-11-24 17:37:40.065029,2.807502,0.14556456,N
2022-11-26 13:00:00,Russia,Russian Cup,Torpedo Moscow,Ural,1.1376324,1.4510094,2022-11-24 17:37:40.065029,2.5886416,0.31337702,N
2022-11-26 13:00:00,Switzerland,Super League Women,St. Gallen W,Rapperswil W,2.5490534,0.7351234,2022-11-24 17:37:40.065029,3.2841768,1.81393,W
2022-11-26 13:00:00,Turkey,1. Lig,Boluspor,Sakaryaspor,1.3327329,0.86711365,2022-11-24 17:37:40.065029,2.1998465,0.46561927,U 4.5
2022-11-26 13:00:00,World,World Cup,Poland,Saudi Arabia,1.6803142,0.91244984,2022-11-24 17:37:40.065029,2.592764,0.76786435,N
2022-11-26 13:30:00,Italy,Serie C - Group B,Ancona,Torres,1.5962001,0.9844377,2022-11-24 17:37:40.065029,2.580638,0.6117624,N
2022-11-26 13:30:00,Italy,Serie C - Group B,Montevarchi,Recanatese,1.1229658,1.1370149,2022-11-24 17:37:40.065029,2.2599807,0.014049053,N
2022-11-26 13:30:00,Italy,Serie C - Group B,Fiorenzuola,Alessandria,1.4567332,0.9555003,2022-11-24 17:37:40.065029,2.4122336,0.5012329,N
2022-11-26 13:30:00,Italy,Serie C - Group B,Olbia,Cesena,0.92237264,1.4054155,2022-11-24 17:37:40.065029,2.327788,0.4830429,N
2022-11-26 14:00:00,Czech Republic,MOL Cup,Liberec,Sigma Olomouc,1.3863217,1.0497936,2022-11-24 17:37:40.065029,2.4361153,0.33652806,N
2022-11-26 14:00:00,Germany,Regionalliga North,BSV Rehden,Bremer,2.0024846,1.1995529,2022-11-24 17:37:40.065029,3.2020373,0.80293167,N
2022-11-26 14:00:00,India,ISL,ATK Mohun Bagan,Hyderabad,1.3043025,1.0136179,2022-11-24 17:37:40.065029,2.3179202,0.29068458,N
2022-11-26 14:00:00,Italy,Serie B,Parma,Modena,1.6200091,1.0297259,2022-11-24 17:37:40.065029,2.649735,0.59028316,N
2022-11-26 14:00:00,Romania,Liga 2,Poli Iasi,Din. Bucuresti,1.2114186,1.0823675,2022-11-24 17:37:40.065029,2.293786,0.12905109,N
2022-11-26 14:00:00,Switzerland,1.Liga Classic Group 2,Munsingen,Wohlen,2.2876024,1.3989589,2022-11-24 17:37:40.065029,3.6865613,0.8886435,N
2022-11-26 14:30:00,Belgium,Super League Women,Waregem W,Femina Woluwe W,2.9182246,0.79873455,2022-11-24 17:37:40.065029,3.716959,2.1194901,DNB
2022-11-26 15:00:00,Belgium,Challenger Pro League,St. Liege U23,Deinze,1.265082,1.6470037,2022-11-24 17:37:40.065029,2.9120855,0.38192165,N
2022-11-26 15:00:00,Cyprus,First Division,Karmiotissa,Doxa,1.4060911,1.0805318,2022-11-24 17:37:40.065029,2.4866228,0.32555926,N
2022-11-26 15:00:00,England,FA Cup,Sheffield Wed,Mansfield,2.19373,0.8094134,2022-11-24 17:37:40.065029,3.0031435,1.3843167,N
2022-11-26 15:00:00,England,FA Cup,Walsall,Carlisle,1.2536029,1.1298325,2022-11-24 17:37:40.065029,2.3834352,0.123770356,N
2022-11-26 15:00:00,England,FA Cup,Portsmouth,MK Dons,1.5560366,1.0349932,2022-11-24 17:37:40.065029,2.5910296,0.5210434,N
2022-11-26 15:00:00,England,FA Cup,Barnsley,Crewe,2.700693,0.82290775,2022-11-24 17:37:40.065029,3.5236006,1.8777852,N
2022-11-26 15:00:00,England,FA Cup,Charlton,Stockport County,1.7781807,1.2118928,2022-11-24 17:37:40.065029,2.9900737,0.5662879,N
2022-11-26 15:00:00,England,FA Cup,Forest Green,Alvechurch,2.6488438,0.95546067,2022-11-24 17:37:40.065029,3.6043043,1.6933831,N
2022-11-26 15:00:00,England,FA Cup,Accrington,Barnet,2.2150254,1.1057708,2022-11-24 17:37:40.065029,3.3207963,1.1092546,N
2022-11-26 15:00:00,England,FA Cup,AFC Wimbledon,Chesterfield,1.476575,1.3718188,2022-11-24 17:37:40.065029,2.848394,0.104756236,N
2022-11-26 15:00:00,England,FA Cup,Cambridge Utd,Grimsby,1.4634097,1.1530045,2022-11-24 17:37:40.065029,2.616414,0.31040514,N
2022-11-26 15:00:00,England,FA Cup,Hartlepool,Harrogate,1.3233566,1.3220447,2022-11-24 17:37:40.065029,2.6454015,0.0013118982,N
2022-11-26 15:00:00,England,FA Cup,Shrewsbury,Peterborough,1.2202283,1.5152867,2022-11-24 17:37:40.065029,2.735515,0.29505837,N
2022-11-26 15:00:00,England,FA Cup,Oxford Utd,Exeter,1.6717457,1.1517001,2022-11-24 17:37:40.065029,2.8234458,0.5200455,N
2022-11-26 15:00:00,England,National League,Aldershot,Southend,1.1001614,1.7769551,2022-11-24 17:37:40.065029,2.8771167,0.6767937,N
2022-11-26 15:00:00,England,National League,Altrincham,Eastleigh,1.6315277,1.4151556,2022-11-24 17:37:40.065029,3.0466833,0.21637201,N
2022-11-26 15:00:00,England,National League,Dorking,York City,1.4779333,1.4168797,2022-11-24 17:37:40.065029,2.894813,0.061053634,N
2022-11-26 15:00:00,England,National League,Maidstone,Maidenhead,1.2606934,1.2866775,2022-11-24 17:37:40.065029,2.547371,0.025984049,N
2022-11-26 15:00:00,England,National League,Torquay,Gateshead,1.4632611,1.6345173,2022-11-24 17:37:40.065029,3.0977783,0.17125618,N
2022-11-26 15:00:00,England,National League,Wealdstone,Scunthorpe,1.3843781,1.1848038,2022-11-24 17:37:40.065029,2.569182,0.19957423,N
2022-11-26 15:00:00,England,National League,Yeovil,FC Halifax,1.0507789,1.2897894,2022-11-24 17:37:40.065029,2.3405683,0.23901057,N
2022-11-26 15:00:00,Morocco,Botola 2,Ittihad Khemisset,Chabab Benguerir,0.6339407,1.4424313,2022-11-24 17:37:40.065029,2.0763721,0.80849063,N
2022-11-26 15:00:00,Northern Ireland,NIFL Premiership,Carrick Rangers,Ballymena,1.7480899,1.2779695,2022-11-24 17:37:40.065029,3.0260594,0.47012043,N
2022-11-26 15:00:00,Northern Ireland,NIFL Premiership,Cliftonville,Newry City,2.47732,0.7750938,2022-11-24 17:37:40.065029,3.2524137,1.7022262,N
2022-11-26 15:00:00,Northern Ireland,NIFL Premiership,Dungannon,Glenavon,1.1489494,2.1164243,2022-11-24 17:37:40.065029,3.2653737,0.96747494,N
2022-11-26 15:00:00,Northern Ireland,NIFL Premiership,Portadown,Glentoran,0.70040274,2.698528,2022-11-24 17:37:40.065029,3.3989308,1.9981253,N
2022-11-26 15:00:00,Portugal,League Cup,Famalicao,Academico Viseu,1.6805382,0.9780474,2022-11-24 17:37:40.065029,2.6585855,0.7024908,N
2022-11-26 15:00:00,Portugal,Liga 3,Braga B,CDC Montalegre,1.6384242,0.9886531,2022-11-24 17:37:40.065029,2.6270773,0.64977103,N
2022-11-26 15:00:00,Portugal,Liga 3,Paredes,Sao Joao Ver,1.1651486,1.110948,2022-11-24 17:37:40.065029,2.2760966,0.05420065,N
2022-11-26 15:00:00,Portugal,Liga 3,Canelas 2010,Varzim,0.95889956,1.2992144,2022-11-24 17:37:40.065029,2.2581139,0.3403148,N
2022-11-26 15:00:00,Portugal,Liga 3,Amora,Moncarapachense,1.5873939,0.7927987,2022-11-24 17:37:40.065029,2.3801925,0.7945952,N
2022-11-26 15:00:00,Portugal,Liga 3,Oliveira Hospital,Academica,1.1440123,0.9861021,2022-11-24 17:37:40.065029,2.1301146,0.15791023,U 4.5
2022-11-26 15:00:00,Scotland,League Two,Stranraer,Annan,1.5715382,1.4036446,2022-11-24 17:37:40.065029,2.9751828,0.16789365,N
2022-11-26 15:00:00,Spain,Liga F Women,Villarreal W,Athletic Bilbao W,1.1238445,1.6351287,2022-11-24 17:37:40.065029,2.7589731,0.51128423,N
2022-11-26 15:00:00,Spain,Primera RFEF - Group 1,San Fernando,Celta Vigo B,1.2535152,1.0296848,2022-11-24 17:37:40.065029,2.2832,0.22383046,N
2022-11-26 15:00:00,Spain,Primera RFEF - Group 1,Rayo Majadahonda,Alcorcon,0.8159546,1.3469962,2022-11-24 17:37:40.065029,2.1629508,0.53104156,N
2022-11-26 15:00:00,Spain,Primera RFEF - Group 2,Sabadell,SD Logrones,1.41065,0.994241,2022-11-24 17:37:40.065029,2.404891,0.41640902,N
2022-11-26 15:00:00,Spain,Primera RFEF - Group 2,Alcoyano,Calahorra,1.2742261,0.79249394,2022-11-24 17:37:40.065029,2.06672,0.48173213,U 4.5
2022-11-26 15:00:00,Spain,Segunda RFEF - Group 4,Cadiz CF B,Yeclano,1.2673302,0.97627944,2022-11-24 17:37:40.065029,2.2436097,0.29105073,N
2022-11-26 15:00:00,Spain,Segunda RFEF - Group 4,Granada CF B,Torremolinos,1.0229455,1.1599542,2022-11-24 17:37:40.065029,2.1828997,0.13700867,N
2022-11-26 15:00:00,Switzerland,Promotion League,Zurich II,Bavois,1.7416135,1.5774018,2022-11-24 17:37:40.065029,3.3190153,0.16421175,N
2022-11-26 15:00:00,Wales,League Cup,Bala,Cardiff Metropolitan,2.18069,1.2195376,2022-11-24 17:37:40.065029,3.4002275,0.96115243,N
2022-11-26 15:00:00,Wales,League Cup,Connahs Q.,Taffs Well,2.810202,0.7337195,2022-11-24 17:37:40.065029,3.5439215,2.0764823,N
2022-11-26 15:15:00,England,FA Cup,Wrexham,Farnborough,2.7039452,0.9514325,2022-11-24 17:37:40.065029,3.6553776,1.7525127,N
2022-11-26 15:15:00,Spain,LaLiga2,Alaves,Villarreal B,1.4936832,0.79466623,2022-11-24 17:37:40.065029,2.2883494,0.699017,N
2022-11-26 15:15:00,Spain,LaLiga2,Malaga,Ponferradina,1.2562834,1.0170586,2022-11-24 17:37:40.065029,2.2733421,0.23922479,N
2022-11-26 15:30:00,Burkina Faso,Premier League,ASFA Yennega,Salitas,1.1528213,1.0067521,2022-11-24 17:37:40.065029,2.1595736,0.14606917,N
2022-11-26 15:30:00,Spain,Segunda RFEF - Group 1,Burgos Promesas,Arenteiro,0.9621323,1.6363608,2022-11-24 17:37:40.065029,2.598493,0.6742285,N
2022-11-26 15:30:00,Spain,Segunda RFEF - Group 2,Mutilvera,Tarazona,1.129914,1.378278,2022-11-24 17:37:40.065029,2.508192,0.24836397,N
2022-11-26 15:30:00,United Arab Emirates,League Cup,Al Sharjah,Bani Yas,2.3088572,0.71287465,2022-11-24 17:37:40.065029,3.0217319,1.5959826,W
2022-11-26 16:00:00,Morocco,Botola 2,Renaissance Zemamra,Rapide Oued Zem,1.1218898,0.94016796,2022-11-24 17:37:40.065029,2.0620577,0.18172187,N
2022-11-26 16:00:00,Spain,Segunda RFEF - Group 1,Guijuelo,Polvorin,1.9585519,0.823576,2022-11-24 17:37:40.065029,2.7821279,1.1349759,N
2022-11-26 16:00:00,Spain,Segunda RFEF - Group 2,AD San Juan,Utebo FC,1.3007561,1.540444,2022-11-24 17:37:40.065029,2.8412,0.23968792,N
2022-11-26 16:00:00,Spain,Segunda RFEF - Group 2,Racing Rioja,Real Sociedad C,1.346644,1.0197177,2022-11-24 17:37:40.065029,2.3663616,0.32692635,N
2022-11-26 16:00:00,Spain,Segunda RFEF - Group 5,Guadalajara,Leganes B,1.609358,0.8224312,2022-11-24 17:37:40.065029,2.4317892,0.78692675,N
2022-11-26 16:00:00,Switzerland,1.Liga Classic Group 1,Meyrin,Terre Sainte,2.1585371,1.2023388,2022-11-24 17:37:40.065029,3.360876,0.95619833,O 1.5
2022-11-26 16:00:00,Turkey,1. Lig,Genclerbirligi,Rizespor,1.117709,1.3504819,2022-11-24 17:37:40.065029,2.468191,0.23277283,N
2022-11-26 16:00:00,World,World Cup,France,Denmark,1.6952829,1.0223943,2022-11-24 17:37:40.065029,2.717677,0.67288864,N
2022-11-26 16:30:00,Italy,Serie C - Group B,Fermana,Lucchese,1.1163229,1.168348,2022-11-24 17:37:40.065029,2.2846708,0.05202508,N
2022-11-26 16:30:00,Italy,Serie C - Group B,Gubbio,San Donato,1.6277686,0.76814985,2022-11-24 17:37:40.065029,2.3959184,0.8596188,N
2022-11-26 16:30:00,Italy,Serie C - Group B,Imolese,Pontedera,1.1961017,1.0810603,2022-11-24 17:37:40.065029,2.277162,0.115041375,N
2022-11-26 16:30:00,Italy,Serie C - Group B,Reggiana,Rimini,1.6202122,0.89961016,2022-11-24 17:37:40.065029,2.5198224,0.72060204,N
2022-11-26 16:30:00,Italy,Serie C - Group B,Siena,Carrarese,1.4377007,1.0179938,2022-11-24 17:37:40.065029,2.4556947,0.41970694,N
2022-11-26 16:30:00,Italy,Serie C - Group B,Entella,Vis Pesaro,1.8866167,0.75227493,2022-11-24 17:37:40.065029,2.6388917,1.1343417,N
2022-11-26 17:00:00,Cyprus,First Division,AEK Larnaca,Apollon,1.3117312,0.9483148,2022-11-24 17:37:40.065029,2.260046,0.36341643,N
2022-11-26 17:00:00,England,FA Cup,Dag & Red,Gillingham,1.3402234,1.166199,2022-11-24 17:37:40.065029,2.5064225,0.17402446,N
2022-11-26 17:00:00,Italy,Serie B,Pisa,Ternana,1.478062,1.0672154,2022-11-24 17:37:40.065029,2.5452776,0.4108466,N
2022-11-26 17:00:00,Spain,Primera RFEF - Group 1,Leonesa,Unionistas,1.3632717,0.961206,2022-11-24 17:37:40.065029,2.3244777,0.4020657,N
2022-11-26 17:00:00,Spain,Primera RFEF - Group 1,CD Badajoz,Cordoba,0.84240276,1.5345492,2022-11-24 17:37:40.065029,2.376952,0.6921465,N
2022-11-26 17:00:00,Spain,Primera RFEF - Group 2,Castellon,Murcia,1.4375811,0.8813548,2022-11-24 17:37:40.065029,2.3189359,0.55622625,N
2022-11-26 17:00:00,Spain,Segunda RFEF - Group 1,Laredo,R. Oviedo B,1.3879772,1.1331823,2022-11-24 17:37:40.065029,2.5211596,0.25479496,N
2022-11-26 17:00:00,Spain,Segunda RFEF - Group 3,Espanyol B,Valencia B,1.0686067,0.94984967,2022-11-24 17:37:40.065029,2.0184565,0.11875707,N
2022-11-26 17:00:00,Switzerland,Challenge League,Wil,Lausanne Ouchy,1.7139077,1.7154884,2022-11-24 17:37:40.065029,3.4293962,0.0015807152,N
2022-11-26 17:00:00,Switzerland,Challenge League,Thun,Vaduz,1.8808773,1.2541658,2022-11-24 17:37:40.065029,3.1350431,0.6267115,N
2022-11-26 17:15:00,Spain,Liga F Women,Real Madrid W,Alhama W,3.544962,0.581234,2022-11-24 17:37:40.065029,4.126196,2.963728,W
2022-11-26 17:30:00,Northern Ireland,NIFL Premiership,Linfield,Crusaders,1.4406116,1.3685808,2022-11-24 17:37:40.065029,2.8091924,0.07203078,N
2022-11-26 17:30:00,Spain,LaLiga2,Albacete,Racing Santander,1.1921574,0.9091401,2022-11-24 17:37:40.065029,2.1012974,0.28301728,N
2022-11-26 17:30:00,Spain,LaLiga2,R. Oviedo,Mirandes,1.4012551,0.9883182,2022-11-24 17:37:40.065029,2.3895733,0.41293693,N
2022-11-26 18:00:00,Belgium,Super League Women,Mechelen W,Gent W,1.2883602,2.1185455,2022-11-24 17:37:40.065029,3.4069057,0.8301853,N
2022-11-26 18:00:00,Spain,Primera RFEF - Group 2,Barcelona B,Numancia,1.5088624,0.8721402,2022-11-24 17:37:40.065029,2.3810027,0.63672215,N
2022-11-26 18:00:00,Spain,Segunda RFEF - Group 1,Ourense CF,Torrelavega,1.4531943,1.1402491,2022-11-24 17:37:40.065029,2.5934434,0.31294513,N
2022-11-26 18:00:00,Spain,Segunda RFEF - Group 3,Alzira,Olot,1.1358131,0.9408468,2022-11-24 17:37:40.065029,2.07666,0.19496632,N
2022-11-26 18:45:00,Portugal,League Cup,Braga,Trofense,3.4679167,0.42251986,2022-11-24 17:37:40.065029,3.8904366,3.0453968,W & O 1.5
2022-11-26 19:00:00,Belgium,Challenger Pro League,Anderlecht U23,Beerschot VA,1.4364121,1.5869275,2022-11-24 17:37:40.065029,3.0233397,0.15051544,N
2022-11-26 19:00:00,World,World Cup,Argentina,Mexico,1.6885827,0.7004769,2022-11-24 17:37:40.065029,2.3890595,0.9881058,N
2022-11-26 20:45:00,Portugal,League Cup,Benfica,Penafiel,3.3869882,0.4386039,2022-11-24 17:37:40.065029,3.825592,2.9483843,W & O 1.5
2022-11-26 21:00:00,Spain,LaLiga2,Las Palmas,Tenerife,1.4553593,0.76217175,2022-11-24 17:37:40.065029,2.2175312,0.6931876,N
2022-11-26 23:00:00,Colombia,Primera A,Aguilas,Dep. Pasto,1.5028734,0.77012855,2022-11-24 17:37:40.065029,2.273002,0.7327449,N
2022-11-26 23:00:00,New Zealand,National League Women,Central Football W,Southern United W,0.9643314,2.6182067,2022-11-24 17:37:40.065029,3.5825381,1.6538754,DNB
2022-11-27 00:00:00,New Zealand,National League,Wellington Phoenix 2,Birkenhead,1.7204427,2.0172923,2022-11-24 17:37:40.065029,3.7377348,0.2968496,O 1.5
2022-11-27 00:00:00,New Zealand,National League Women,Eastern Suburbs W,Northern Rovers W,1.9923208,0.9186691,2022-11-24 17:37:40.065029,2.9109898,1.0736517,N
2022-11-27 01:05:00,Colombia,Primera A,Ind. Medellin,America De Cali,1.4810592,0.83602434,2022-11-24 17:37:40.065029,2.3170836,0.64503485,N
2022-11-27 02:00:00,New Zealand,National League,Miramar,Wellington Olympic,1.260674,1.8425436,2022-11-24 17:37:40.065029,3.1032176,0.5818696,N
2022-11-27 08:00:00,Australia,A-League Women,Perth W,Adelaide W,1.417554,2.239848,2022-11-24 17:37:40.065029,3.657402,0.8222939,N
2022-11-27 10:00:00,World,World Cup,Japan,Costa Rica,1.7559416,0.55853665,2022-11-24 17:37:40.065029,2.3144784,1.197405,N
2022-11-27 10:30:00,Spain,Segunda RFEF - Group 3,Zaragoza B,Saguntino,1.0573518,1.0433381,2022-11-24 17:37:40.065029,2.10069,0.014013767,N
2022-11-27 10:30:00,Spain,Segunda RFEF - Group 4,Betis B,CD Utrera,1.3743763,0.79601735,2022-11-24 17:37:40.065029,2.1703937,0.57835895,N
2022-11-27 10:30:00,Thailand,Thai League 1,Lamphun Warrior,Sukhothai,1.5354611,1.1035773,2022-11-24 17:37:40.065029,2.6390383,0.4318838,N
2022-11-27 10:30:00,Turkey,1. Lig,Pendikspor,Eyupspor,1.2237568,1.0844823,2022-11-24 17:37:40.065029,2.308239,0.13927448,N
2022-11-27 10:30:00,Turkey,1. Lig,Keciorengucu,Samsunspor,1.2393154,1.2095742,2022-11-24 17:37:40.065029,2.4488897,0.029741168,N
2022-11-27 10:45:00,Greece,Super League 2,Iraklis Larissa,Diagoras,1.1674944,0.8022764,2022-11-24 17:37:40.065029,1.9697708,0.36521804,N
2022-11-27 11:00:00,Italy,Serie C - Group A,Pro Vercelli,Sangiuliano City,1.3128816,1.0532539,2022-11-24 17:37:40.065029,2.3661356,0.2596277,N
2022-11-27 11:00:00,Italy,Serie C - Group C,Audace Cerignola,Viterbese,1.3818698,1.1391436,2022-11-24 17:37:40.065029,2.5210133,0.2427262,N
2022-11-27 11:00:00,Portugal,League Cup,Portimonense,Covilha,2.2257478,0.6113762,2022-11-24 17:37:40.065029,2.837124,1.6143715,W
2022-11-27 11:00:00,Portugal,Liga 3,Vitoria Guimaraes B,Vilaverdense,0.8787498,1.4125003,2022-11-24 17:37:40.065029,2.29125,0.5337505,N
2022-11-27 11:00:00,Russia,Russian Cup,FK Rostov,Akhmat Grozny,1.6077693,1.334641,2022-11-24 17:37:40.065029,2.9424102,0.27312827,N
2022-11-27 11:00:00,Russia,Russian Cup,Dynamo Moscow,Orenburg,1.7828709,1.0667009,2022-11-24 17:37:40.065029,2.8495717,0.71616995,N
2022-11-27 11:00:00,Spain,Liga F Women,Granadilla Tenerife W,Valencia W,1.5692464,1.095531,2022-11-24 17:37:40.065029,2.6647773,0.47371542,N
2022-11-27 11:00:00,Spain,Liga F Women,Alaves W,Betis W,1.2163656,1.8975965,2022-11-24 17:37:40.065029,3.1139622,0.6812309,N
2022-11-27 11:00:00,Spain,Primera RFEF - Group 1,Algeciras,San Sebastian Reyes,1.3582834,0.9177578,2022-11-24 17:37:40.065029,2.2760413,0.4405256,N
2022-11-27 11:00:00,Spain,Primera RFEF - Group 1,Linares,Real Madrid B,1.3178743,1.0908756,2022-11-24 17:37:40.065029,2.40875,0.22699869,N
2022-11-27 11:00:00,Spain,Primera RFEF - Group 1,Ceuta,Pontevedra,1.2609566,1.0810134,2022-11-24 17:37:40.065029,2.34197,0.1799432,N
2022-11-27 11:00:00,Spain,Primera RFEF - Group 1,CF Talavera,Linense,0.9633544,1.4581951,2022-11-24 17:37:40.065029,2.4215496,0.49484068,N
2022-11-27 11:00:00,Spain,Primera RFEF - Group 2,Baleares,CF Intercity,1.5674307,0.85003185,2022-11-24 17:37:40.065029,2.4174626,0.7173989,N
2022-11-27 11:00:00,Spain,Primera RFEF - Group 2,R. Union,Gimnastic,0.94677174,1.2787248,2022-11-24 17:37:40.065029,2.2254965,0.33195305,N
2022-11-27 11:00:00,Spain,Primera RFEF - Group 2,La Nucia,Eldense,1.0304401,1.2038623,2022-11-24 17:37:40.065029,2.2343025,0.17342222,N
2022-11-27 11:00:00,Spain,Primera RFEF - Group 2,UD Logrones,Amorebieta,1.4701221,0.8627907,2022-11-24 17:37:40.065029,2.332913,0.6073314,N
2022-11-27 11:00:00,Spain,Segunda RFEF - Group 1,Rayo Cantabria,Valladolid Promesas,1.4858037,1.0806142,2022-11-24 17:37:40.065029,2.566418,0.4051895,N
2022-11-27 11:00:00,Spain,Segunda RFEF - Group 3,Hercules,Lleida,1.4165274,0.6530519,2022-11-24 17:37:40.065029,2.0695794,0.7634755,N
2022-11-27 11:00:00,Spain,Segunda RFEF - Group 3,Ibiza Islas Pitiusas,Terrassa,1.3122567,0.8340444,2022-11-24 17:37:40.065029,2.146301,0.4782123,N
2022-11-27 11:00:00,Spain,Segunda RFEF - Group 3,Mallorca B,CE Manresa,0.9073215,1.2985997,2022-11-24 17:37:40.065029,2.2059212,0.3912782,N
2022-11-27 11:00:00,Spain,Segunda RFEF - Group 3,Badalona Futur,Formentera,1.1005198,0.898914,2022-11-24 17:37:40.065029,1.9994338,0.2016058,N
2022-11-27 11:00:00,Spain,Segunda RFEF - Group 3,Prat,Pena Deportiva,0.87535155,1.3874799,2022-11-24 17:37:40.065029,2.2628314,0.51212835,N
2022-11-27 11:00:00,Spain,Segunda RFEF - Group 4,FC Cartagena SAD B,Velez,1.2354552,1.0083297,2022-11-24 17:37:40.065029,2.243785,0.2271254,N
2022-11-27 11:00:00,Spain,Segunda RFEF - Group 4,Mar Menor,Xerez D.F.C.,1.5520537,0.8737934,2022-11-24 17:37:40.065029,2.425847,0.67826027,N
2022-11-27 11:00:00,Spain,Segunda RFEF - Group 5,Union Adarve,Socuellamos,1.0585753,0.87985766,2022-11-24 17:37:40.065029,1.9384329,0.17871761,N
2022-11-27 11:00:00,Spain,Segunda RFEF - Group 5,Atl. Madrid B,Diocesano,1.8630825,0.62617373,2022-11-24 17:37:40.065029,2.4892564,1.2369088,DNB
2022-11-27 11:00:00,Spain,Segunda RFEF - Group 5,Don Benito,Atl. Paso,1.0626478,1.0447121,2022-11-24 17:37:40.065029,2.10736,0.017935753,N
2022-11-27 11:00:00,Spain,Segunda RFEF - Group 5,CD Coria,Melilla,1.0279183,1.4457222,2022-11-24 17:37:40.065029,2.4736404,0.41780388,N
2022-11-27 11:00:00,Spain,Segunda RFEF - Group 5,Montijo,Navalcarnero,1.1580344,0.7972898,2022-11-24 17:37:40.065029,1.9553242,0.36074466,N
2022-11-27 11:00:00,Spain,Segunda RFEF - Group 5,CD Estepona,Cacereno,1.1170921,0.9880512,2022-11-24 17:37:40.065029,2.1051433,0.12904096,N
2022-11-27 11:00:00,Thailand,Thai League 1,Prachuap,Lampang,1.7133441,0.94894207,2022-11-24 17:37:40.065029,2.6622863,0.76440203,N
2022-11-27 11:00:00,Thailand,Thai League 1,Nong Bua Pitchaya,Khonkaen Utd.,1.6084715,0.94872016,2022-11-24 17:37:40.065029,2.5571916,0.65975136,N
2022-11-27 11:00:00,Ukraine,Premier League,Lviv,Kolos Kovalivka,1.1180027,1.2378802,2022-11-24 17:37:40.065029,2.355883,0.11987758,N
2022-11-27 11:30:00,Italy,Serie B,Reggina,Benevento,1.5242938,0.9811138,2022-11-24 17:37:40.065029,2.5054076,0.54318,N
2022-11-27 11:30:00,Spain,Segunda RFEF - Group 4,Sanluqueno,San Roque,1.1429355,0.9501196,2022-11-24 17:37:40.065029,2.0930552,0.1928159,N
2022-11-27 12:00:00,Germany,Regionalliga Nordost,Energie Cottbus,Halberstadt,3.7645824,0.6526357,2022-11-24 17:37:40.065029,4.417218,3.1119466,W & O 1.5
2022-11-27 12:00:00,Hungary,Merkantil Bank Liga,Kazincbarcikai,MTK Budapest,1.0301641,1.9018587,2022-11-24 17:37:40.065029,2.9320228,0.87169456,N
2022-11-27 12:00:00,Hungary,Merkantil Bank Liga,Soroksar,Budafoki,1.6536669,1.1384937,2022-11-24 17:37:40.065029,2.7921605,0.5151732,N
2022-11-27 12:00:00,Hungary,Merkantil Bank Liga,Siofok,Mosonmagyarovari TE,1.563032,1.1961868,2022-11-24 17:37:40.065029,2.7592187,0.36684525,N
2022-11-27 12:00:00,Hungary,Merkantil Bank Liga,Nyiregyhaza,Csakvari,1.4466152,1.1952987,2022-11-24 17:37:40.065029,2.641914,0.25131655,N
2022-11-27 12:00:00,Romania,Liga 2,Ripensia Timisoara,Otelul,1.0699841,1.4526371,2022-11-24 17:37:40.065029,2.5226212,0.382653,N
2022-11-27 12:00:00,Thailand,Thai League 1,Police Tero,Nakhon Ratchasima FC,1.5611824,0.87254477,2022-11-24 17:37:40.065029,2.4337273,0.6886376,N
2022-11-27 12:00:00,Ukraine,Premier League,FK Zorya Luhansk,Minaj,2.1075869,0.7486454,2022-11-24 17:37:40.065029,2.8562322,1.3589414,N
2022-11-27 12:30:00,England,FA Cup,Ebbsfleet,Fleetwood,1.3882287,1.5929154,2022-11-24 17:37:40.065029,2.981144,0.20468676,N
2022-11-27 12:30:00,Germany,Regionalliga Nordost,Meuselwitz,Hertha Berlin II,1.4629002,1.6337492,2022-11-24 17:37:40.065029,3.0966494,0.17084908,N
2022-11-27 13:00:00,Germany,Regionalliga Nordost,Chemnitzer,Jena,1.6275693,1.2961516,2022-11-24 17:37:40.065029,2.9237208,0.33141768,N
2022-11-27 13:00:00,Germany,Regionalliga North,Teutonia Ottensen,Hannover II,1.3753381,1.6119663,2022-11-24 17:37:40.065029,2.9873042,0.23662817,N
2022-11-27 13:00:00,Germany,Regionalliga North,TSV Havelse,Norderstedt,1.3455759,1.6756811,2022-11-24 17:37:40.065029,3.021257,0.3301052,N
2022-11-27 13:00:00,Greece,Super League 2,Almopos,Makedonikos,0.94428605,0.73476905,2022-11-24 17:37:40.065029,1.6790551,0.209517,N
2022-11-27 13:00:00,Greece,Super League 2,Thesprotos,Veria,1.0783378,1.1563889,2022-11-24 17:37:40.065029,2.2347267,0.07805109,N
2022-11-27 13:00:00,Greece,Super League 2,Niki Volos,Apollon Pontou,2.003921,0.5175533,2022-11-24 17:37:40.065029,2.5214744,1.4863677,N
2022-11-27 13:00:00,Greece,Super League 2,PAE Chania,Kalamata,0.886406,1.0475438,2022-11-24 17:37:40.065029,1.9339497,0.16113776,N
2022-11-27 13:00:00,Greece,Super League 2,Panachaiki,Apollon Smyrnis,0.9716896,1.223545,2022-11-24 17:37:40.065029,2.1952345,0.25185537,N
2022-11-27 13:00:00,Greece,Super League 2,Irodotos,PAE Egaleo,0.87035364,1.2700068,2022-11-24 17:37:40.065029,2.1403604,0.39965314,N
2022-11-27 13:00:00,Russia,Russian Cup,Krylya Sovetov,Fakel Voronezh,2.4149094,0.7415885,2022-11-24 17:37:40.065029,3.156498,1.6733209,N
2022-11-27 13:00:00,Russia,Russian Cup,Zenit,Spartak Moscow,2.5778563,1.055021,2022-11-24 17:37:40.065029,3.6328773,1.5228353,N
2022-11-27 13:00:00,Spain,LaLiga2,Burgos CF,Zaragoza,1.3012878,0.98352593,2022-11-24 17:37:40.065029,2.2848136,0.31776184,N
2022-11-27 13:00:00,Spain,Liga F Women,Real Sociedad W,Las Planas W,2.1981206,0.7595305,2022-11-24 17:37:40.065029,2.9576511,1.43859,DNB
2022-11-27 13:00:00,Turkey,1. Lig,Erzurumspor,Bandirmaspor,1.3134369,1.0447212,2022-11-24 17:37:40.065029,2.358158,0.26871562,N
2022-11-27 13:00:00,World,World Cup,Belgium,Morocco,1.717078,0.9063521,2022-11-24 17:37:40.065029,2.62343,0.81072587,N
2022-11-27 13:30:00,Italy,Serie C - Group A,Juventus U23,Mantova,1.4352939,0.9834182,2022-11-24 17:37:40.065029,2.4187121,0.4518757,N
2022-11-27 13:30:00,Italy,Serie C - Group A,Novara,Piacenza,1.5616037,0.94238204,2022-11-24 17:37:40.065029,2.5039856,0.6192216,N
2022-11-27 13:30:00,Italy,Serie C - Group A,Pergolettese,Virtus Verona,1.4506853,1.0199596,2022-11-24 17:37:40.065029,2.470645,0.4307257,N
2022-11-27 13:30:00,Italy,Serie C - Group A,Pro Sesto,Pordenone,1.1026533,1.3258802,2022-11-24 17:37:40.065029,2.4285336,0.2232269,N
2022-11-27 13:30:00,Italy,Serie C - Group A,Triestina,Lecco,1.208879,1.1685216,2022-11-24 17:37:40.065029,2.3774006,0.04035735,N
2022-11-27 13:30:00,Italy,Serie C - Group C,ACR Messina,Turris,1.3887625,0.9965001,2022-11-24 17:37:40.065029,2.3852625,0.3922624,N
2022-11-27 13:30:00,Italy,Serie C - Group C,Avellino,Taranto,1.4263419,0.9361379,2022-11-24 17:37:40.065029,2.3624797,0.49020398,N
2022-11-27 13:30:00,Italy,Serie C - Group C,Crotone,Latina,1.6615708,0.802802,2022-11-24 17:37:40.065029,2.4643729,0.85876876,N
2022-11-27 13:30:00,Italy,Serie C - Group C,Fidelis Andria,Calcio Giugliano,1.028814,1.2240893,2022-11-24 17:37:40.065029,2.2529032,0.1952753,N
2022-11-27 13:30:00,Italy,Serie C - Group C,Gelbison,Picerno,1.4195311,0.98027694,2022-11-24 17:37:40.065029,2.399808,0.43925416,N
2022-11-27 13:30:00,Italy,Serie C - Group C,Monterosi,Foggia,1.1912285,1.054441,2022-11-24 17:37:40.065029,2.2456694,0.13678753,N
2022-11-27 13:30:00,Italy,Serie C - Group C,Pescara,Catanzaro,1.183339,1.0565364,2022-11-24 17:37:40.065029,2.2398753,0.12680256,N
2022-11-27 14:00:00,England,FA Cup,Bristol Rovers,Boreham Wood,2.0597713,0.9772531,2022-11-24 17:37:40.065029,3.0370245,1.0825182,N
2022-11-27 14:00:00,England,FA Cup,Burton,Chippenham,2.4060771,0.86396515,2022-11-24 17:37:40.065029,3.2700424,1.542112,N
2022-11-27 14:00:00,Germany,Regionalliga North,Jeddeloh,Drochtersen/Assel,1.9080975,1.2956135,2022-11-24 17:37:40.065029,3.203711,0.612484,N
2022-11-27 14:00:00,Hungary,Merkantil Bank Liga,Pecsi MFC,Szentlorinc,1.7294574,0.82651234,2022-11-24 17:37:40.065029,2.5559697,0.90294504,N
2022-11-27 14:00:00,Hungary,Merkantil Bank Liga,Ajka,Dorogi,1.6019807,1.1744618,2022-11-24 17:37:40.065029,2.7764425,0.42751884,N
2022-11-27 14:00:00,Hungary,Merkantil Bank Liga,Tiszakecske,Bekescsaba 1912,1.423518,1.3629255,2022-11-24 17:37:40.065029,2.7864435,0.060592413,N
2022-11-27 14:00:00,Hungary,Merkantil Bank Liga,Haladas,Kozarmisleny SE,1.969103,0.9576441,2022-11-24 17:37:40.065029,2.926747,1.0114589,N
2022-11-27 14:00:00,Hungary,Merkantil Bank Liga,Gyor,DVTK,1.326271,1.599023,2022-11-24 17:37:40.065029,2.925294,0.27275193,N
2022-11-27 14:00:00,India,ISL,Jamshedpur,East Bengal,1.8272254,0.98092675,2022-11-24 17:37:40.065029,2.8081522,0.8462987,N
2022-11-27 14:00:00,Italy,Serie B,Brescia,Spal,1.580091,0.9937145,2022-11-24 17:37:40.065029,2.5738056,0.5863765,N
2022-11-27 14:00:00,Italy,Serie B,Cittadella,Cosenza,1.5744841,0.897684,2022-11-24 17:37:40.065029,2.472168,0.67680013,N
2022-11-27 14:00:00,Italy,Serie B,Como,Bari,1.1919032,1.344073,2022-11-24 17:37:40.065029,2.5359764,0.15216982,N
2022-11-27 14:00:00,Italy,Serie B,Frosinone,Cagliari,1.5090839,0.9807395,2022-11-24 17:37:40.065029,2.4898233,0.5283444,N
2022-11-27 14:00:00,Italy,Serie B,Perugia,Genoa,0.9654365,1.7739381,2022-11-24 17:37:40.065029,2.7393746,0.80850154,N
2022-11-27 14:00:00,Italy,Serie B,Sudtirol,Ascoli,1.3137549,1.1893396,2022-11-24 17:37:40.065029,2.5030947,0.12441528,N
2022-11-27 14:00:00,Spain,Segunda RFEF - Group 2,Alaves B,Alfaro,1.3596805,1.0194265,2022-11-24 17:37:40.065029,2.379107,0.34025407,N
2022-11-27 14:30:00,Slovakia,Fortuna liga,Ruzomberok,Z. Moravce-Vrable,1.8404754,0.7872843,2022-11-24 17:37:40.065029,2.6277597,1.0531912,N
2022-11-27 15:00:00,Cyprus,First Division,APOEL,Omonia,1.3683813,0.9532981,2022-11-24 17:37:40.065029,2.3216794,0.41508317,N
2022-11-27 15:00:00,Portugal,League Cup,Gil Vicente,Nacional,1.5546515,0.8590365,2022-11-24 17:37:40.065029,2.413688,0.695615,N
2022-11-27 15:00:00,Portugal,Liga 3,Real SC,Alverca,0.92239445,1.2121137,2022-11-24 17:37:40.065029,2.1345081,0.28971928,U 4.5
2022-11-27 15:00:00,Spain,LaLiga2,Leganes,Granada CF,1.1217821,1.0799031,2022-11-24 17:37:40.065029,2.2016852,0.04187894,N
2022-11-27 15:00:00,Spain,Primera RFEF - Group 2,Cornella,R. Sociedad B,1.158546,1.099074,2022-11-24 17:37:40.065029,2.2576199,0.059471965,N
2022-11-27 15:00:00,Spain,Segunda RFEF - Group 2,Cirbonero,Izarra,1.288836,0.92357427,2022-11-24 17:37:40.065029,2.2124102,0.36526173,N
2022-11-27 15:15:00,England,FA Cup,Newport,Derby,1.0166138,1.7538637,2022-11-24 17:37:40.065029,2.7704775,0.73724985,N
2022-11-27 15:15:00,Spain,LaLiga2,Lugo,Levante,0.99385244,1.2829578,2022-11-24 17:37:40.065029,2.2768102,0.28910536,N
2022-11-27 15:30:00,Belgium,Challenger Pro League,Beveren,Lommel SK,2.459929,1.0452532,2022-11-24 17:37:40.065029,3.5051823,1.4146758,W
2022-11-27 15:30:00,Burkina Faso,Premier League,Etoile Filante,Royal,1.1152425,0.9074314,2022-11-24 17:37:40.065029,2.0226738,0.20781106,N
2022-11-27 15:30:00,Spain,Liga F Women,Atl. Madrid W,Barcelona W,0.44033325,2.6333773,2022-11-24 17:37:40.065029,3.0737104,2.1930442,W
2022-11-27 15:30:00,Spain,Segunda RFEF - Group 2,Brea,Tudelano,1.0388706,1.1825716,2022-11-24 17:37:40.065029,2.2214422,0.14370108,N
2022-11-27 15:30:00,Spain,Segunda RFEF - Group 3,Teruel,Ebro,1.4427909,0.76725686,2022-11-24 17:37:40.065029,2.2100477,0.675534,N
2022-11-27 15:30:00,Spain,Segunda RFEF - Group 4,Recreativo Huelva,Sevilla FC B,1.5935723,0.7110016,2022-11-24 17:37:40.065029,2.3045738,0.8825707,N
2022-11-27 15:30:00,Switzerland,Challenge League,Lausanne,Aarau,2.0477448,1.098078,2022-11-24 17:37:40.065029,3.1458228,0.94966674,N
2022-11-27 16:00:00,Russia,Russian Cup,Lokomotiv Moscow,Nizhny Novgorod,1.6292127,1.0114778,2022-11-24 17:37:40.065029,2.6406906,0.6177349,N
2022-11-27 16:00:00,Russia,Russian Cup,Krasnodar,Khimki,2.2991445,0.67731607,2022-11-24 17:37:40.065029,2.9764605,1.6218284,N
2022-11-27 16:00:00,Spain,Primera RFEF - Group 1,Ferrol,Merida AD,1.4758576,0.8559019,2022-11-24 17:37:40.065029,2.3317595,0.6199557,N
2022-11-27 16:00:00,Spain,Primera RFEF - Group 1,Fuenlabrada,Dep. La Coruna,1.1378924,1.2514378,2022-11-24 17:37:40.065029,2.3893301,0.11354542,N
2022-11-27 16:00:00,Spain,Primera RFEF - Group 2,Osasuna B,Ath Bilbao B,1.3468534,0.85051244,2022-11-24 17:37:40.065029,2.1973658,0.49634093,N
2022-11-27 16:00:00,Spain,Segunda RFEF - Group 1,Marino de Luanco,Palencia CA,1.1773487,0.93088204,2022-11-24 17:37:40.065029,2.1082308,0.2464667,N
2022-11-27 16:00:00,Spain,Segunda RFEF - Group 1,Compostela,Real Aviles,1.1514078,1.0510485,2022-11-24 17:37:40.065029,2.2024565,0.10035932,N
2022-11-27 16:00:00,Spain,Segunda RFEF - Group 1,Langreo,Bergantinos,1.2971938,1.0174103,2022-11-24 17:37:40.065029,2.314604,0.2797835,N
2022-11-27 16:00:00,Spain,Segunda RFEF - Group 1,Zamora,Coruxo FC,1.3159493,1.579166,2022-11-24 17:37:40.065029,2.8951154,0.26321673,N
2022-11-27 16:00:00,Spain,Segunda RFEF - Group 2,Arenas Club,Beasain,1.5269355,0.6834186,2022-11-24 17:37:40.065029,2.210354,0.8435169,N
2022-11-27 16:00:00,Spain,Segunda RFEF - Group 2,Gernika,UD Logrones B,1.2956296,1.080233,2022-11-24 17:37:40.065029,2.3758626,0.21539664,N
2022-11-27 16:00:00,Spain,Segunda RFEF - Group 2,Arnedo,Sestao,0.73234993,1.449045,2022-11-24 17:37:40.065029,2.1813948,0.716695,N
2022-11-27 16:00:00,Spain,Segunda RFEF - Group 4,Antequera,UCAM Murcia,1.0283462,1.0802739,2022-11-24 17:37:40.065029,2.1086202,0.051927686,N
2022-11-27 16:00:00,Spain,Segunda RFEF - Group 4,El Ejido,Mancha,1.1723559,0.9274403,2022-11-24 17:37:40.065029,2.0997963,0.2449156,N
2022-11-27 16:00:00,Spain,Segunda RFEF - Group 5,Gimnastica Segoviana,Villanovense,1.502293,0.9273254,2022-11-24 17:37:40.065029,2.4296184,0.57496756,N
2022-11-27 16:00:00,Spain,Segunda RFEF - Group 5,Cerdanyola,Alcorcon B,1.2403768,1.1045529,2022-11-24 17:37:40.065029,2.3449297,0.13582397,N
2022-11-27 16:00:00,Turkey,1. Lig,Goztepe,Altay,1.6792184,0.9598715,2022-11-24 17:37:40.065029,2.6390898,0.71934694,N
2022-11-27 16:00:00,World,World Cup,Croatia,Canada,1.5227195,0.8288636,2022-11-24 17:37:40.065029,2.351583,0.6938559,N
2022-11-27 16:30:00,Italy,Serie C - Group A,AlbinoLeffe,Pro Patria,1.0722524,1.034542,2022-11-24 17:37:40.065029,2.1067944,0.03771043,N
2022-11-27 16:30:00,Italy,Serie C - Group A,FeralpiSalo,Trento,1.4563411,0.896663,2022-11-24 17:37:40.065029,2.3530042,0.55967814,N
2022-11-27 16:30:00,Italy,Serie C - Group A,Padova,Renate,1.3727064,1.0689036,2022-11-24 17:37:40.065029,2.4416099,0.30380285,N
2022-11-27 16:30:00,Italy,Serie C - Group C,Juve Stabia,Potenza,1.413391,0.9737077,2022-11-24 17:37:40.065029,2.3870988,0.43968332,N
2022-11-27 16:30:00,Italy,Serie C - Group C,Monopoli,Virtus Francavilla,1.539793,1.0402839,2022-11-24 17:37:40.065029,2.580077,0.4995091,N
2022-11-27 17:00:00,Cyprus,First Division,AEL Limassol,Anorthosis,1.1985364,1.117673,2022-11-24 17:37:40.065029,2.3162093,0.08086336,N
2022-11-27 17:00:00,England,FA Cup,Ipswich,Buxton,2.8216782,0.635575,2022-11-24 17:37:40.065029,3.4572532,2.186103,N
2022-11-27 17:00:00,Italy,Serie B,Palermo,Venezia,1.3694147,1.1739982,2022-11-24 17:37:40.065029,2.543413,0.19541645,N
2022-11-27 17:00:00,Portugal,League Cup,Moreirense,Estrela,1.7632941,0.9091561,2022-11-24 17:37:40.065029,2.67245,0.854138,N
2022-11-27 17:00:00,Portugal,Liga 3,Leiria,Caldas,1.5002127,0.9709991,2022-11-24 17:37:40.065029,2.471212,0.52921355,N
2022-11-27 17:00:00,Romania,Liga 2,Steaua Bucuresti,FC Brasov,1.562025,0.8878605,2022-11-24 17:37:40.065029,2.4498854,0.6741645,N
2022-11-27 17:00:00,Spain,LaLiga2,FC Cartagena SAD,Eibar,1.2390518,1.1178031,2022-11-24 17:37:40.065029,2.356855,0.12124872,N
2022-11-27 19:00:00,Belgium,Challenger Pro League,Lierse K.,Virton,2.168372,0.9715243,2022-11-24 17:37:40.065029,3.1398962,1.1968477,DNB
2022-11-27 19:00:00,Portugal,Liga 3,Os Belenenses,Vitoria Setubal,1.3476323,1.0344826,2022-11-24 17:37:40.065029,2.382115,0.3131497,N
2022-11-27 19:00:00,World,World Cup,Spain,Germany,1.5020608,1.0260289,2022-11-24 17:37:40.065029,2.5280895,0.4760319,N
2022-11-27 20:45:00,Portugal,League Cup,Boavista,Vilafranquense,1.5057684,0.86752474,2022-11-24 17:37:40.065029,2.3732932,0.6382437,N
2022-11-27 22:00:00,Chile,Primera B,Cobreloa,Copiapo,1.7563039,0.9542392,2022-11-24 17:37:40.065029,2.7105432,0.8020647,N
2022-11-27 23:00:00,Colombia,Primera A,Millonarios,Junior,1.6363652,0.8447334,2022-11-24 17:37:40.065029,2.4810987,0.79163176,N
2022-11-28 01:05:00,Colombia,Primera A,Pereira,Santa Fe,1.3729948,0.83141714,2022-11-24 17:37:40.065029,2.204412,0.54157764,N
2022-11-28 10:00:00,World,World Cup,Cameroon,Serbia,0.7684358,1.9251485,2022-11-24 17:37:40.065029,2.6935842,1.1567128,N
2022-11-28 11:00:00,Ukraine,Premier League,Oleksandriya,Rukh Lviv,1.4981068,0.90960544,2022-11-24 17:37:40.065029,2.4077122,0.5885014,N
2022-11-28 12:00:00,Ukraine,Premier League,Kryvbas,Dnipro-1,0.83368194,1.9256243,2022-11-24 17:37:40.065029,2.7593062,1.0919423,N
2022-11-28 13:00:00,Greece,Super League 2,O.F. Ierapetra,Proodeftiki,1.3033974,0.88829887,2022-11-24 17:37:40.065029,2.1916962,0.41509855,N
2022-11-28 13:00:00,World,World Cup,South Korea,Ghana,1.3297591,0.40326318,2022-11-24 17:37:40.065029,1.7330223,0.9264959,N
2022-11-28 13:15:00,Greece,Super League 2,Kifisias,Athens Kallithea,1.0779606,0.6108236,2022-11-24 17:37:40.065029,1.6887841,0.46713704,N
2022-11-28 13:30:00,India,I-League,Punjab,Aizawl,1.5270138,0.8446991,2022-11-24 17:37:40.065029,2.371713,0.6823147,N
2022-11-28 16:00:00,World,World Cup,Brazil,Switzerland,1.9770063,0.6680189,2022-11-24 17:37:40.065029,2.6450253,1.3089874,N
2022-11-28 17:00:00,Cyprus,First Division,Aris,Paphos,1.287754,1.1005853,2022-11-24 17:37:40.065029,2.3883395,0.18716872,N
2022-11-28 17:00:00,Cyprus,First Division,Ol. Nicosia,Nea Salamis,1.2334067,1.12893,2022-11-24 17:37:40.065029,2.3623366,0.10447669,N
2022-11-28 17:00:00,Turkey,1. Lig,Altinordu,Manisa FK,0.9455795,1.2127179,2022-11-24 17:37:40.065029,2.1582975,0.26713836,U 4.5
2022-11-28 18:00:00,Romania,Liga 2,Csikszereda M. Ciuc,Selimbar,1.4307334,0.82272243,2022-11-24 17:37:40.065029,2.2534559,0.608011,N
2022-11-28 19:00:00,World,World Cup,Portugal,Uruguay,1.4477433,1.1328512,2022-11-24 17:37:40.065029,2.5805945,0.31489205,N
2022-11-28 19:30:00,Italy,Serie C - Group A,Arzignano,L.R. Vicenza,1.0618575,1.4481881,2022-11-24 17:37:40.065029,2.5100455,0.3863306,N
2022-11-28 20:00:00,France,National,Chateauroux,Le Mans,1.4636587,1.090698,2022-11-24 17:37:40.065029,2.5543566,0.3729607,N
2022-11-28 20:00:00,Spain,LaLiga2,UD Ibiza,Andorra,1.1158075,1.1973962,2022-11-24 17:37:40.065029,2.3132038,0.081588626,N
2022-11-29 13:00:00,Slovenia,Prva liga,ND Gorica,Tabor Sezana,1.4377232,1.1184709,2022-11-24 17:37:40.065029,2.556194,0.31925225,N
2022-11-29 15:00:00,World,World Cup,Netherlands,Qatar,2.834362,0.35151914,2022-11-24 17:37:40.065029,3.1858811,2.482843,W
2022-11-29 15:00:00,World,World Cup,Ecuador,Senegal,1.3373166,1.3536146,2022-11-24 17:37:40.065029,2.6909313,0.016297936,N
2022-11-29 17:00:00,Romania,Liga 1,Chindia Targoviste,Univ. Craiova,0.8947585,1.4063867,2022-11-24 17:37:40.065029,2.3011453,0.5116282,N
2022-11-29 17:00:00,Slovenia,Prva liga,Maribor,Bravo,1.495535,1.0807381,2022-11-24 17:37:40.065029,2.576273,0.41479695,N
2022-11-29 18:00:00,Germany,Regionalliga Bayern,Turkgucu Munchen,Heimstetten,2.0807705,0.97859985,2022-11-24 17:37:40.065029,3.0593703,1.1021707,N
2022-11-29 18:00:00,Germany,Regionalliga Nordost,Chemie Leipzig,BFC Dynamo,1.6567955,1.2996483,2022-11-24 17:37:40.065029,2.9564438,0.35714722,N
2022-11-29 19:00:00,World,World Cup,Iran,USA,0.73503274,1.6900865,2022-11-24 17:37:40.065029,2.4251192,0.95505375,N
2022-11-29 19:00:00,World,World Cup,Wales,England,0.72787976,1.8940225,2022-11-24 17:37:40.065029,2.6219022,1.1661427,N
2022-11-30 12:45:00,Egypt,Premier League,National Bank Egypt,Enppi,1.1883293,0.987601,2022-11-24 17:37:40.065029,2.1759303,0.20072836,N
2022-11-30 13:00:00,Slovenia,Prva liga,Radomlje,Domzale,1.198006,1.2701848,2022-11-24 17:37:40.065029,2.4681907,0.07217872,N
2022-11-30 15:00:00,World,World Cup,Tunisia,France,0.7589648,2.2171612,2022-11-24 17:37:40.065029,2.976126,1.4581964,N
2022-11-30 15:00:00,World,World Cup,Australia,Denmark,0.7934056,1.9934454,2022-11-24 17:37:40.065029,2.786851,1.2000399,N
2022-11-30 17:00:00,Egypt,Premier League,Al Ittihad,Ghazl El Mahallah,1.474266,0.8379088,2022-11-24 17:37:40.065029,2.3121748,0.63635725,N
2022-11-30 17:00:00,Romania,Liga 1,FC Hermannstadt,CFR Cluj,0.9003076,1.4203025,2022-11-24 17:37:40.065029,2.32061,0.5199949,N
2022-11-30 17:00:00,Slovenia,Prva liga,Koper,Mura,1.3520786,1.1710011,2022-11-24 17:37:40.065029,2.5230796,0.18107748,N
2022-11-30 19:00:00,World,World Cup,Poland,Argentina,0.61416477,1.9874398,2022-11-24 17:37:40.065029,2.6016045,1.373275,N
2022-11-30 19:00:00,World,World Cup,Saudi Arabia,Mexico,0.76184666,1.791352,2022-11-24 17:37:40.065029,2.5531988,1.0295054,N
2022-11-30 20:45:00,Portugal,League Cup,Sporting CP,SC Farense,2.4403682,0.627949,2022-11-24 17:37:40.065029,3.0683172,1.8124192,W
